,Title,ConRate,DesRate,Author,Date,Content,BookCode
0,어째서 내 세계를 아무도 기억하지 못하는가? 01,4,4,rlawlstn10,2020-10-02,책으로 구매하고 E북으로 나와 다시한번 구매했습니다. 구매한건좋은대 종이책으로 선구매하면 이렇게 다시 리뷰하기 힘들긴하내요. 사자네 케이는 그전 몇몇작품을 구매해 재밌게 읽은 지라 믿고사는계열입니다만 다른 작품들도 E북 구매하긴해야하는대 돈이... 어쨌든 이번에 서적으로 나온만큼 E북도 나왔으니 차분히 구매해야겠내요. 1권 리뷰가 아니라 그냥 E북 출판 감상같이 된건 죄송합니다.,9791166250385
1,티어문 제국 이야기 02권,5,5,말랑카우,2020-09-30,"좀 더 강력해진 빈 깡통그녀를 단두대로 올린 인물을 멋지게 헛 짓거리로 자신의 패거리로 들이게 됩니다.1권에 비하면 좀 더 부 자연스럽지만 그것 이 관람 포인트입니다.그렇게 처형에서 해방된 순간 자신과 함께한 일기장이 사라지는데기뿜도 잠시, 아벨 왕자에게 불똥이 떨어지는데..어떻게 제국의 예지로 취급 받는 빈 깡통은 이 상황을 어떻게 해결할 것 인가.2권도 재미있기에,꼭 한번은 읽어보셔도 좋을꺼 같습니다.",9791166110856
2,티어문 제국 이야기 적극 추천합니다.,5,5,bestkjs,2020-08-17,"티어문 제국 이야기가 벌써 2권에 돌입했습니다. 1권 시작때만해도 생각보다 널리 알려지지 않은 라노벨중 하나였습니다. 하지만 차츰 1권을 읽은 독자들이 늘어남에 따라 재밌다는 입소문이 났고 지금은 2권을 기다리는 독자들이 꽤나 많이 늘어난 나름의 수작입니다. 한마디로 이책을 정의하자면 '이제야 소문났지만 정말 재미있는 책이다.'로 끝을 내고 싶네요.내용은 흔히 한번쯤은 들어본 역사속의 그말 '빵이 없으면 케이크를 먹으면 되잖아'의 마리앙투아네트를 소재로 만들어낸듯한 황녀이자 주인공 미아가 단두대에서 처형당했다 다시 시간을 되돌려 인생을 재시작하게 되면서 처형 루트를 회피하기 위해 고군분투하는 모습이 꽤나 유쾌하게 그려집니다.그 사이에서 처형루트를 회피하기 위해 한 행동들이 주변의 인물들에게는 마치 예지의 성녀처럼 보이게 된다는 착각까지 웃음포인트가 되어 에피소드 하나 하나의 즐거움이 가득하기까지합니다.이번 2편은 1권에서 처형회피를 위해 친분을 맺은 아벨 왕자의 나라에서 혁명이 발발했다는 소식을 듣고 그를 위해 위험을 무릅쓰고 구하러 가야 하는지, 아니면 안전을 꾀해야 하는지를 놓고 고심하는 주인공의 행동들이 웃음포인트를 주는 내용인데, 그 방법들 하나하나가 역시 미아황녀다워서 흥미롭고 재미있게 읽을수 있었습니다. 더말하자면 스포일러라 여기서 말씀드리긴 힘들지만, 분명한건 지금당장 서점을 통해 이 책을 구입해 보신다면 그 선택에 후회는 없을거라 장담할수있다는 점입니다. 다시 한번 말하지만 킬링타임용으로 꽤나 추천드리고 싶은 책입니다.",9791166110856
3,너무 귀여운 미아!,5,5,라스트낭자,2020-09-10,"티어문 제국이야기 2권! 렘노 왕국의 혁명 위기에 맞서는 미아의 운명은? 같은 느낌의 2권 정말 착각물이란 쿸쿸 웃으면서 볼 수 있는 재미있는 내용이었다. 주변 인물들과도 친구라고 부를 수 있을 정도로 사이가 좋아진 것 같고, 아벨과 결혼도 확정인 느낌이라 즐겁게 읽었다. 그저 재미로 읽기 시작한 거지만 읽으면서 여러가지 교훈도 얻을 수 있었다. 2화에 기근은 식량의 절대량이 부족해서 일어나는 게 아니라, 물자의 흐름이 정체되기 때문에 일어난다.라던가 23화에 나온 나쁜 길로 가지 않게 도와주지 않았으면서 나쁜 길로 간 사람을 벌하는 게 맞는 것인가?같은 교훈적인 내용들이 꽤 있었다. 약간 너 나 안 도와줬는데 왜 뭐라고 해? 같은 느낌이기도 하지만 틀린 말인 느낌도 아니라 오묘했다. 그리고 41화 죄는 벌로 끝나고, 과오는 심판으로 완결된다.라는 말도 되게 좋았던 것 같다. 번외편에 나온 미아의 충신 루드비히의 전생 이야기도 마음에 들었고 굉장히 재미있게 읽었다. 2권 마지막 부분에 1부 마침이라고 써있었는데 몇 부까지 있을까 싶기도 하고.. 생각보다 빨리 끝날 수도 있겠다는 느낌이기도 하고.. 아무튼 보면 볼수록 미아가 점점 귀여워지고, 굉장히 겁 많고 소심하고 자기 중심적인 느낌이라 현실적이라 정도 많이가는 미아! 3권도 기대하겠습니다!약간 뻔한 클리셰인 느낌도 있지만 거슬리지 않았으니 패스!뒷부분에 코믹스도 살짝 맛보기로 들어 있는데 굉장히 좋았다. 그림이 너무 귀여워서.. 책으로 출간 되려나..? 나오면 꼭 사야지!",9791166110856
4,티어문,5,5,JoSH,2020-08-27,"시간을 역행한 어리바리 황녀가운명에 저항하는일생일대의 역사 개변 판타지, 제2권!“――흐름이 왔습니다!”단두대에서 12세로 회귀【타임리프】한 전직 제멋대로 황녀 미아는 우쭐해있었다.과거의 기억과 주위의 착각으로 기근 시에 필요한 밀도 확보하고, 내전 회피에도 성공해서 마침내 회귀 전의 일기장과 함께 ‘처형’이라는 두 글자가 사라졌기 때문이다.하지만 죽음에서 해방되어 들뜬 그녀에게 흉보가 날아든다.약혼자 후보인 아벨 왕자의 나라에서 혁명이 발발했다는 소식이다.위험을 무릅쓰고 구하러 가야 하는가, 안전을 꾀해야 하는가……?변하기 시작한 미래를 앞에 둔 그녀가 행한 ‘최초의 선택’이란?가라! 어리바리 황녀.단두대를 모면한 이후의 미래로!운명에 저항하는 일생일대의 역사 개변 판타지, 제2권!",9791166110856
5,오버로드 14 재미는 있다.,3,5,도마뱀,2020-10-03,책이 점점 느리게 출시되는게 조금 아쉽네요. 정말 10권까지는 정말 빠르게 나왔는것 같은데요. ㅠㅠ기다리기가 힘드네요.. 그리고 머리가 나빠서 점점 까먹어서 다시 옛날내용보고 이해한다음 다시 읽어야하고 책읽은 시간이 많았으면 좋겠는데. 시간이 없네요.이번에는 애착이 있는 등장인물에 이벤트가 있어서.. 사람마다 다르겠지만 저는 조금 아쉽네요.. 그래도 재미있네요. 억지로 만들어진 이벤트 느낌은 들지 않고 재미는 있지만 내가 좋아하는 인물에 이벤트가 있어서 아쉬워서 별점을 적게 주었네요. 그런데 빠져들어서 미친듯이 읽었네요^^,9791165249458
6,오버로드의 귀환!!!,5,5,kardos04,2020-09-26,"오버로드 14권입니다.곧 끝으로 가고 있는 오버로드군요. 작가께서 16권이었나요? 그쯤에서 끝낸다는 말이 있었다고 들었는데요... 어찌되었든 마도국의 마차를 왕국 측에서 습격, 그래서 최종 전쟁에 들어서게 됩니다. 여기에서 나쟈릭을 제외한 최강 용왕이었나요? 과거 영웅 중 1인도 등장해서 싸우게 되죠... 그러나 역시 모몬가다운 전투를 하네요. 15권 이후도 빨리 읽고 싶네요. 단지 언제 발매할 지는 모르지만요...",9791165249458
7,오버로드 14,4,3,불타는오우거,2020-09-21,"오버로드 14권...  (스포일러 주의)13권이 18년도 10월에 나왔으니 ... 거의 2년만에 나옴문제는 15권인데 ...  다음권 보려면 또 2년을 기다려야하나 ... 생각중일단 나오긴 했으니 재미있게 읽었음. 다만 이번권은 뭔가 .... 많이 아쉬움. 첫째는 ... 일러스트가 많이 없음, 이전권과 비교하면 ... 좀 많이 없어보임일러스트 보는맛에 책 보는건뎁 ..... ㅠㅠ;둘째는 이전권들과는 다르게 복선->회수가 없음. 전체 스토리가 작업중인 왕국 귀족이 지 잘난맛에 마도국 상단을 공격함이것 때문에 선전포고, 왕국 몰살, 자낙? 2왕자 사망, 브레인 사망 .... 죄다 몰살에 리나공주는 마족이 되고 ... 그냥 그런내용?오히려 10권인가 11권쯤에서 그 문제 일으킨 귀족이 처음 나올때, 제어가 잘 안되고 쓸데없는 짓을 많이 한다는 느낌의 내용이 복선같긴 함. 아쉬운점도 있지만, 재미는 있으니 넘어감. 근냥 15권이나 빨리 나왔으면 하는 바람임.",9791165249458
8,오버로드 14,5,3,말랑카우,2020-09-10,거의 2년 만에 나온 오버로드 14권드디어 왕국의 공격이 시작되는데. 놀랍게도 이번에는 마도국이 노골적으로 의도 하지 않았다는 것 입니다.왕국의 트롤로 시작된 전쟁 아니 학생중에 라나 티엘 샬드론 라일 바이셀프와  클라임의 관계는 어떻게 될것인가!그리고 다음권에 대한 새로운 지역에 대한 떡밥이 나옵니다.  점점 빨라지는 완결.. 이제 얼마 남지 안았다는게 너무 슬프네요.설마 또 2년을 기다려야 되는걸까요? 뭔가 빨리 나와도 뭔가 아쉬울꺼 같습니다.,9791165249458
9,리뷰,5,5,xlazer,2020-10-03,인외마경인 콘론 마을에서 찾아온 주인공.... 이번에는 호텔에서 아르바이트를 하는데..... 업청난 신체 능력으로 호텔 전반을 하게 되는데.... 직원들도 놀라는 모습이었다..... 그러다 지방 귀족의 방분으로 맞선 대역까지 하게 되는데.... 주인공의 엄청난 능력으로 모두를 행복하게 해버리는데.......................과연 주인공은 어디까지 활약하는 것인가??>.....,9791165249878
10,리뷰,5,5,xlazer,2020-10-03,주인공이 이세계에서 지낸지 꽤 되엇다.... 여러한 일이 잇었지만 무사히 통과하며 일상을 보내고 잇는데.... 갑자기 프레이즈의 활동이 점점 활발해 지더니 대량으로 양산되면서 그들을 위협하는데............주인공은 비밀 병기로 차례 차례 없에면서 무사히 일상으로 되돌아 가려고 하지만 계속해서 나타나는 프레이즈다...... 과연 주인공은????.......,9791165249885
11,스마폰 17권,5,5,kardos04,2020-09-26,이세계는 스마트폰과 함께 17권입니다.벌써 17권입니다. 이것도 꽤 길게 가는 작품이군요.황자와 왕녀 맞선에서 에테르 비클 경주 대회를 개최하기 위해 준비하는 이야기 입니다. 요즘 들어서 뭔가 약간 정체되었다 해야하나요? 새로운 물건도 딱히 안 나오고 초반과 같이 재밌게 이어진다고 생각되지 않네요... 프레이즈와 도망친 신으로 인해 너무 오래 끌고 있다는 생각도 드네요...,9791165249885
12,이세계는 스마트폰과 함께 17,5,5,ㄱㅎㅅ,2020-09-19,이세계는 스마트폰과 함께 17권을 읽었습니다. 여전히 활발하게 이쪽 저쪽 세계를 다니며 즐거운 생활을 보내는 토야 일행입니다. 앞면 세계의 거의 모든 국가들이 나왔고 뒷면 세계도 나와서 친교를 맺었고 남은 문제가 변이종 프레이즈 하나 뿐이라 완결이 임박했다는 느낌입니다. 이 이상 끌면 너무 늘어진 감이 있을 거 같아서 출판사의 욕심이라 해도 유종의 미를 거뒀으면 좋겠습니다.,9791165249885
13,리뷰,5,5,xlazer,2020-10-03,주인공은 무사히 대학을 입학하게 되었다.... 이상한 알바를 돌료들과 함께 새로운 마술로 극복하거나같은 반 여학생과 데이트를 하게 되고.... 엄청난 대학 생활을 지네게 된다...... 그러나 갑자기 신문 동호회 회장에게 마족과 함께 없어졋을 마법의 기운을 느끼게 되는데..... 마녀가 부활하고 주인공이 이를 해결하는데....... 과연 주인공은......,9791165802264
14,"[eBook] [대여] 젊어진 대현자, 대학생이 되다 02권 완독",5,5,니즘,2020-09-03,"주인공인 겸허의대현자(아텔)는 가지고 온 돈이 모자라,알바를 하기로 합니다.-집에서 찾아 오는건 평범한 대학생들의 행동과는 다르다고,기룡부 와 천문부 의 바람둥이 선배들이 다투는것을보고참견한 그를 본 선배들이 그냥 니 뜻에 맡길테니 같이 알바 하자고 했습니다. 고민하는 그의 앞에, 수상한 알바모집전단이 나오고-이사장이 일부러 신문부장 시켜서 갖다준 일감흑룡 을 데리고 , 넷이서 도착한곳은와이번 알 을 배달하기전 분류하는 물류창고 였습니다.와이번 한마리가 태어나고, 흑룡이 키우겠다고 하는가운데, 용종이 습격하고 . 대현자 가 쓰던 깃털펜이 부러지고 ,소유리 와 함께 깃털펜을 사러 상가에 간  아텔 .옷가게에서 옷을 고르던중.우연히 아빠를 잃어버린 꼬마의 아빠를 찾아주려고 합니다 . 그녀의 아빠는 바로 , 교수 였는데요 , 반 양아치 들이 교수를 공격하는것을 막은 아델.그에게 말을 거는 점원 . 은 사실 신문부 부장이었고 , 마녀였다.  그녀가 마법을 쓰겠다고 예고하고, 다음날 대학에 간  대현자 아텔 이 목격한것은폭로로 난장판이 된 , 대학의 문제를 해결하러 나서는데 ,-이 책에서는  마법 이 마녀가 쓰는 주술 을 의미합니다.소유리의 포스와 , 선배들이 바람둥이인게 폭로된 후 .그뒤에도 도망다니는것 보니 .기억은 잃지는 않은듯. 아직은 재밌었습니다 .교수 불쌍헤 ㅋㅋㅋㅋ",9791165802264
15,리뷰,5,5,xlazer,2020-10-03,주인공은 복수를 위해 몸을 던졌다... 그리고 복수에 성공하고 자기 자신도 죽어 버리는데..............눈을 떠보니 다른곳에 있었다.... 주인공은 이세게로 흘러와 버린건데...... 결국 주인공은 이세계에서 다시 살아 보고자한다.... 그리고 혹시 모르는 여동생이 이곳에 흘러들와있을지 모르는 생각에 찾아보기로 하는데.........,9791165079246
16,복수 완수자의 인생 2회차 04,4,4,rlawlstn10,2020-09-13,생각보다 희망차고 매력적인 캐릭터가 많이나와 좋습니다만 엔딩이 1부완결 하지만 2부출간없음 웹판에서 보세요는 작가님 너무하지않나요? 1부완결이 아니라 그냥 서적판이 최종장 남기고 끝난 느낌입니다만 해피엔딩에 가까우니 좋게 끝났겠거니 생각해야겠내요. 검은영웅의 정체가 명확하게 나오고 크로의 특이성과 불려온 이유도 명확히 나와 떡밥은 거의 다 회수한 순간이니 열린결말 엔딩에 나쁜타이밍은 아니긴하내요,9791165079246
17,괜찮아요,5,5,라이트노벨광팬,2020-06-27,상당히 괜찮은 작품중에 하나인 복수 완수자의 인생입니다! 처음에는 호기심에 구입을 했는데 상당히 재미가 있더군요! 이뿐만 아니라 이번권에서의 대활약도 볼수 있어서 좋았었던 작품중에 하나입니다! 거기다가 히로인들도 상당히 매력적이라서 더 재밌었던게 아닌가 합니다! 개인적으로는 우리의 주인공의 성격과 행동히 괜찮아서 좋았았던거 갔습니다 어서 다음권을 보고파요,9791165079246
18,복수 완수자의 인생 2회차 이세계담 4권 리뷰,3,5,re.start,2020-07-26,복수 완수자의 인생 2회차 이세계담 4권 리뷰로 찾아왔습니다. 벌써 완결권이라고 나와서 급하게 읽어보았느데 뭔가 생각보다 찜찜하게 끝나더라고요. 그래서 찾아보니 웬걸... 원작인 웹소설에선 계속 연재중이랍니다. 1부만 1~4권으로 마무리 짓고 서적본이 더 이상 나오지 않는다는 뜻이죠. 마치 제가 최근에 완독한 딘의 문장이라는 라이트노벨과 비슷해서 놀랐습니다. 그래도 1부완결까지 서적본으로 읽어 스토리는 맞게 완결되었지만 뭔가 아쉬운 그런 라이트노벨이 되었습니다.,9791165079246
19,리뷰,5,5,xlazer,2020-10-03,주인공은 학원에 들어와 목표를 이루고자 하는데.... 다크 엘프와의 수행 학교원에 입학한지 한 달이 지나가는데... 어둠의 마법도 제대로 다루지 못하고 암흑기사가 되겠다는 말만 하는 주인공... 주변에선 암흑 바보라고 불리면서 지내고있다..... 그러던중 어둠의 마법을 특기로 하는 다크 엘프 소녀와 만나게 되는데... 과연 주인공은.....,9791165079499
20,출간 빠름,5,5,라이트노벨광팬,2020-06-28,나름 출간 속도가 상당히 빠른 작품 중에 하나인 성스러운 기사입니다 호기심에 구입을 했는데 상당히 재미가 있더군요 이뿐만 아니라 이 벚꽃을 통해서 새롭게 알게 된 사실도 있어서 나름 즐거웠던 작품 중에 하나입니다 다음 곡에서는 어떤 느낌에 주인공 볼 수 있을지 벌써부터 기대가 됩니다 개인적으로는 이런 빠른 주 가속도 상당히 환영하는 입장입니다 다음 새로운 히로인 보고 싶습니다,9791165079499
21,마도구사 달리아는 고개 숙이지 않아 01권,4,2,말랑카우,2020-10-02,"아버지들이 결정한 약혼이 결정된 마도구사 달리아 로세티.하지만 첫 신혼날이 되어 신혼집에 도착한 그녀는 약혼이 파기된다.그것도 몇년에 걸친 약혼 뒤에 말이다.정말 어디 여성향도 아니냐고 물었을때는 공감이 됬다전 약혼남이 바보로 그려지는건 뭐 어떻게 보면 당연하다그동안 달리아에게 해주는 건 없으면서 요구로 주인공에게 제약을 건 사람이니.좀 아쉬운점이라면.뭔가 서로 좋아하거나  어느 한쪽에서 호감이 있는게 아니였다면.개인적으로 주인공이 각성하는 곳에서 조금 많이 부자연스럽게 느껴졌다.약혼 파기되서 뭐 어쩌라는건지.둘다 별로 응원해주고 싶은 마음이 없었다나중에 이유를 추가해주긴 하지만. 뭔가 2% 부족하지만, 그래도 재미있게 본 것 같습니다.",9791165801663
22,무난한 이세계 전생물,5,5,kardos04,2020-09-30,"마도구사 달리아는 고개 숙이지 않아 01권입니다.간단히 말하면 무난한 이세계 전생물이네요. 마법도 존재하는 중세 시대 스타일인...약혼자에게 결혼 전날 ""난 진정한 사랑을 찾았어""라는 말과 함께 파혼같은 이별을 당한 달리아인데요. 1권을 읽어보니 오히려 잘 되었다고 생각이 드네요. 전 약혼자만 멍청이었으니 말이죠. 뭐 달리아도 연인이 아닌 사형으로서 생각만 한 문제도 있지만 우선 전 약혼자가 열등감에 달리아의 창의성 등을 모두 억압했는데 다 풀리고... 거기에 향후 후작가가 될 백작가와 연결고리도 갖게 되고... 오히려 삶은 더 풀린 느낌이네요.무난한 전생물입니다.",9791165801663
23,생각보다 괜찮았어요,5,5,blue100401,2020-09-02,개인적으로 여주 성장물을 좋아하는 편이라 스토리는 매우 매우해요. 여주성격이 빠르게 당차고 밝게 변하고 자기 일에 집중하는게 맘에 드네요. 생각보다 스토리 전개도 빠르고 성장물과 로맨스가 적적히 잘 섞여서 진행되고 있어서 다음권도 기대 중이예요.현대문물을 빙의된 세계에서 어떻게 구현해 나갈지 궁금하고 남주하고 연애진도는 좀 많이 시간이 걸릴것 같은데 우정과 연인사이에서 서로에 대한 감정이 인지해가는것도 재미있을것 같아요.,9791165801663
24,마도구사 달리아는 고개 숙이지 않아 01권,5,5,아제,2020-08-20,마도구사 달리아는 고개 숙이지 않아 01권입니다. 기대했던 책이 발간이 되니 기분이 좋습니다. 전 약혼자때문에 수수하게 살아온 달리아가 전약혼자의 갑작스러운 이혼통보이후로 자신의 삶을 살아가는 이야기 입니다 전약혼자가 유들해보이면서 쓰레기인데 달리아가 단칼사이다를 하지못하는것이 고구마를 먹는 것은 짜증나지만 새로운 남주를 보고 타협하고있습니다. 일본에서도 장편으로 연재되는 것이기에 다음편이 무적이다 기대가됩니다. 빨리빨리 정발되었으면 좋겠네요^ ^,9791165801663
25,리뷰,5,5,xlazer,2020-10-03,가질 변경백령에서 무사하게 수도로 돌아온 주인공은 아내가 임신했을 가능성이 크다라는 소식을 듣게된다... 아내의 둘째 출산을 위해 주인공은 치유술사를 데려오기 위해 주인공은 순간이동을 열심히 얻으려고 한다..... 그리고 몇달 후 주인공은 순간이동 습득에 성공하게 되는데.... 그리고 주인공이 어디든 갈수있게 되는데.............................,9791190866521
26,이상적인 기둥서방 생활  08,4,4,rlawlstn10,2020-08-22,프레야공주가 오게된 황금나뭇잎호가 완전수리가 된 기둥서방8권입니다.  항구가 얼어 못쓰게 될정도의 북쪽 추운지방의 왕녀 프레야공주가 혹서기 이야기 듣고 순간적이나마 후회하면서도 젠지로에게 계속 반해있는것도 대단하내요. 순간이동을 습득해 우기에도 상부에서 지시를 못받아 배를 수리하던걸 막고 혹서기상황을 듣기도하고 왜이런일이 일어났는가에대한 고찰도 젠지로가 알러줘서일지도 모르지만요.그 외에는 드디어 쌍왕국에 출장가게된 젠지로입니다만 일부러 귀여운척하는 어린애랑  엮이는것같아 조금 신경쓰이내요,9791190866521
27,이상적인 기둥서방 생활 8,5,5,다프넨,2018-07-30,일본현지에서 후속권이 발매되면 바로바로 나오고 있는 이상적인 기둥서방 생활 시리즈의 8권입니다.마법소녀 육성계획 시리즈도 좀 이렇게 해주세요...!이번권에서도 표지는 아우라가 아닌 프레야 공주가 장식하고 있습니다.이렇게 까지 밀어주는거보면 아내가 되는건 확실해 보이네요.또한 쌍왕국을 방문하게 되는데 아니나 다를까 문제가 생기게 됩니다. 어떤 문제가 생기는지는 책을 통해서 확인해보시기 바랍니다!,9791190866521
28,재밌습니다!,5,5,라이트노벨광팬,2016-12-28,벌써 8권인 이상적인 기둥서방입니다! 처음에는 호기심에 구입한 이세계물! 하지만 알고보니 기둥서방이 되라는 이세계인들의 요구! 그것만 해주면 정치에 관여하는것만 빼고는 모든것을 해준다는데?! 상당히 매려걱인 제안에 정착하게된 이세계! 하지만 애도 낳게 되고 그뿐 아니라 첩까지 들이게 되는데?! 이번편도 상당히 흥미진진해서 시간가는줄 몰랐습니다!,9791190866521
29,이상적인 기둥서방 생활 8,4,4,yuiri888,2017-01-13,이상적인 기둥서방 생활 8권 입니다.전혀 이상적이지 않은 기둥서방 생활을 이어가고 있는 주인공 입니다.약간 잉여스러울때가 더 매력적이라고 생각은 하지만 그래도 이런것도 좋지요.너무 늦게 나와서 설마 안나오나 걱정을 하고 있지만 요즘 나오는 라노벨과 비교해서생각보다 재미있는 수작이라 완결까지 나왔으면 정말 좋겠네요.제목과 전혀 다른 내용이라 먼가 이상하다고 할수 있지만 그래서 더 재미있지 않나 하네요.,9791190866521
30,티어문 제국 이야기 1권,5,5,p군,2020-10-06,"티어문 제국에서 제멋대로인 황녀라며 멸시당하던 미아가 단두대에서 처형당하는 상황을 보여준 직후 어떤 원리에서인지 그녀가 12살로 타임리프되는 상황을 모습을 보여주는 것으로 이 이야기가 본격적으로 시작된다. 여하튼 다시 죽기 싫은 그녀가 어떻게든 죽음을 피하기 위해 전생의 일기장 내용을 토대로 운명을 바꾸려고 노력하는 장면이 연속적으로 나오는데, 이것이 하나둘씩 나비효과를 일으키는 것이 포인트가 아닐까 싶었다.",9791165079222
31,[라노벨]티어문 제국 이야기 01권,5,5,말랑카우,2020-08-07,"20살 황녀 미아는 3년간 감옥생활 끝에 단두대에서 처형당하는데, 일어나니 훨씬 젊어진 소녀로 환생? 타임리프? 되어 단두대 엔딩을 회피려고 노력하는데,문제가 있다면 황녀가 너무 멍## 해다는것...그래도 그전에 기억으로 어떻게 넘어가지만주인공이 원하는 바와 다르게 흘러가는 주변 상황이 너무 재미있어서 잘 봤습니다.아직 2권을 읽지 못해 판단은 못 하겠지만, 최근에 읽은 악역영애 사골 소설보다 전개 방식이  깔끔한편이라 읽기가 편해서 좋았습니다.악역영애 전생물 같은거 좋아하시는 분들은 한번 읽어보시면 만족하실꺼 같습니다.",9791165079222
32,착각물은 처음,5,5,17helton,2020-06-11,"분명히 20살의 나이로 처형당했을 터인 주인공 미아가 정신을 차려보니 12살의 자신이 되어 있었다. 이 시점까지만 놓고 보면 흔하디 흔한 악역 영애물의 도입부 같은데 도입부만 그럴 뿐 이후는 악역영애의 ㅇ자도 안 보이는 전개로 흘러간다. 이런 저런 정황을 통해 자신이 과거로 회귀한 것을 알게된 미아가 마치 RPG의 2회차 같은 느낌으로 처형 엔딩을 피하기 위해 기를 쓰는데 그게 엄청난 나비효과를 불러오며 미아에 대한 과대평가가 겉잡을 수 없이 높아진다. 이로 인해 미아 자신은 그야말로 ""똥줄타는"" 상황에 내몰리지만 오직 자신이 단두대를 피하기 위해 미아가 벌인 일들이 죄다 좋은 쪽으로 풀리는 과정이 엄청 재미있었다.",9791165079222
33,"[스포주의] 티어문 제국 이야기 1권 리뷰 -혁명과 개혁, 살고 싶으면 미래를 바꿔라-",3,3,현석장군,2020-06-29,"장르: 굳이 판타지일 필요가 있었나 싶은 판타지, 자기 좋을 대로 해석하는 착각계, 착각에서 오는 개그, 캐릭터가 귀여운 역하렘 & 여성향, 권위주의에 빠져살다 단두대에 목이 걸려 죽은 황녀의 미래 개혁, 그냥 보따리 싸서 도망가면 되지 않을까 하는 조금 엉성한 이야기.표지 설명: 저리 먹고 살이 안 찐다.포인트: 캐릭터 일러스트가 귀엽다. 특히 클로에. 단점: 남자가 읽으면 변태 & 오타쿠(오타쿠는 그나마 양반이 아닐까) 소리 들을 수 있다. 어째서인지 등장인물들 이름 외우기가 힘들다.스토리: 참회(懺悔)하자. 인생 2회차를 맞은 왕녀가 1회차 때 저지른 잘못을 바로잡기 위해 고군분투한다.매우 강한 스포일러 주의, 어찌 된 일인지 글이 어마 무시하게 길어짐. 읽기 싫으신 분은 윗쪽 ↑만 읽으셔도 됩니다.여긴 티어문 제국, 귀족은 백성들을 괴롭혀도 문제가 되지 않는다. 한 끼에 일반 직장인의 월급 한 달 치를 쓰든 말든 니들이 뭔 상관이냐. 백성들의 고혈이나 다름없는 세금을 좀 낭비했다고 뭐가 잘못인데. 그러니 돈 좀 낭비하고 심심풀이로 백성들을 좀 괴롭혔다고 혁명을 일으켜 나라를 전복 시키다니 너무 한거 아닌가 싶다. 황녀 '미아'는 지하 감옥에서 의문에 잠긴다. 내가 뭘 잘못한 것일까. 어제까지만 해도 난 인싸였는데 말이지. 오늘은 거죽 떼기 하나 걸치고 ""돼지도 안 먹는 개사료를 밥이라고 던져주는 간수가 죽도록 밉다(요건 일부 각색)"". 2년이라는 시간 동안 지하 감옥에서 찬물로 몸을 닦고 죽도록 추운 겨울을 겪으며 드디어 밖으로 나가나 싶었다. 그녀를 기다리고 있는 건 광장에 마련된 단두대. 그리고 그녀는 죽었다.""황월 토마토를 맛이 없다며 남기는 행동이 죄임을 깨달은 것은 먹을 것이 없어진 뒤...""눈을 떠보니 인생 2회차다. 앞으로 몇 년 뒤에 또다시 단두대가 기다린다. 죽도록 싫다. 개도 안 먹을 죽도록 맛없는 밥도 싫고, 차가운 물로 몸을 닦는 것도 싫고, 한기에 몸이 얼어버릴 거 같은 겨울도 싫다. 더욱 싫은 건 목이 잘리는 것. 이걸 회피하려면 어떻게 해야 할까. 미래를 바꾸면 되는 것. 단두대에서 생을 마감하기 전의 자신의 과거를 돌아본다. 제국의 과거를 돌아 본다. 거기서 시사하는 건 무엇인가를 발견해내는 거다. 답은 자연스레 떠올려진다. 왕족이라고 아랫사람들을 하대하지 않는다. 세금을 낭비하지 않는다. 역병이 돌아 민심이 흉흉해지는 걸 막는다. 사람은 잘못으로부터 깨달음을 얻는다. 자신의 잘못이 무엇인지 하나하나 열거해보니 한마디로 쓰레기, 맛없는 황월 토마토를 내놓은 전속 요리사가 미웠다. 지하 감옥에서 먹은 황월 토마토는 전속 요리사가 해준 요리보다 맛이 없었다.아랫사람들을 괴롭힐 때는 몰랐다. 자신의 말 한마디 한마디가 상대에겐 상처가 된다는걸. 허투루 쓴 세금이 백성들의 고혈이라는 걸. 지하 감옥에 투옥되고서야 깨닫는다. 자신의 행동이 얼마나 어리석었는지를. 그래서 2회차 때는 같은 잘못을 저지르지 않는다. 그것만이 미래 단두대행을 피할 수 있는 유일한 길이기에. 우선해야 할 일이 있다. 모두가 떠나버린 자신의 곁을 끝까지 지켜줬고, 차가운 지하 감옥에서 유일하게 온기를 나눠줬던 덜렁이 메이드를 전속 메이드로 삼는다. 끝까지 기울여져가는 제국의 재정을 살리기 위해 고군분투하고 때론 황녀인 자신에게도 쓴소리를 마다하지 않았단 안경잡이도 부하로 거둔다. 이것은 보은이다. 1회차 때 모두가 떠나버린 자신의 곁을 지켜준 것에 대한 소소한 보은. 이 걸음은 미래를 바꾸기 위한 매우 소중한 첫걸음이다.....는 너무 진지한 게 아닐까 싶다. 사실 이 작품은 착각을 기반으로 한 개그물이다. 황녀인 '미아'가 미래 단두대를 피하기 위해 자신이 걸었던 길을 되짚어 가며 잘못을 바로 잡아가는 이야기다. 여기서 개그가 되는 건, 황녀 '미아'의 행동이 주변에 오해를 낳고, 그 오해는 부풀려져 그녀를 성녀로 승화 시킨다는 것이다. 미아는 그저 미래에 단두대만 피하면 된다. 그러니 단두대 행에 연결되는 사태를 해결하기 위해 속마음을 숨기고 애둘러 말했을 뿐인데 주변은 그걸 확대해석한다. 미래에 혁명이 일어나는 원인 중 하나인 재정이 빵꾸나는 걸 막아야 한다. 안경잡이에게 제국의 피폐해지는 재정을 어떻게 하면 좋을까 상담하고 재건을 도와 달라는 요청을 하는데 이걸 안경잡이는 확대해석해서 그녀야말로 올바른 지도자라며 추켜 세운다. 그만큼 제국은 이미 썩을 대로 썩었다는 의미이기도 하지만, 실상은 그냥 미아가 단두대를 피하려면 재정을 튼튼하게 만들어둘 필요가 있기 때문인데 안경잡이는 그녀의 썩은 속마음을 알리가 없다. 그니까 그녀는 애초에 진짜로 제국의 재정을 걱정하는 건 아니다. 자신이 살기 위해 걱정하는 것뿐. 문제는 자기가 안 하고 안경잡이에게 일을 떠넘긴다. 1화차 때 안경잡이가 일을 제법 잘 해줬거든. 사실 단두대 황녀의 인생 1회차 때 벌인 잘못을 반성하여 잘못을 바로 잡아가는 이야기라고는 했지만 실상을 들여다보면 미아가 자신의 안위를 위하는 게 주된 내용이다. 그 행동으로 인해 주변이 오해하고 그녀를 추켜 세운다. 가령 또 이런 일이 있다. 혁명이 일어나는 두 번째 이유가 되는 역병 창궐을 초기에 막고자 행동에 나서는데, 그런 행동이 주변에 어떻게 비칠까는 두말할 필요도 없다.본질은 그녀의 안위지만(주변은 그녀의 속마음을 모른다), 역병을 막아서 결과적으로 백성들이 안심하고 살 수 있는 일로도 연결이 되니까. 그녀의 본질이야 어떻든 일단 사람들이 살아갈 수 있는 여건을 만드는 건 틀림이 없으니 오해할 만도 하다는 게 특징이다. 여기에 지니고 있는 물품까지 내놓으며 재정에 보탬이 되라고 하는데, 이걸 두고 그녀는 거의 성녀급이 되어 버린다. 실상은 그 물품은 버려도 아깝지 않은 물건이다. 그녀의 속은 시커멓다 못해 썩었다. 그리고 혁명이 일어나는 세 번째 이유가 되는 아랫사람 하대하는 걸 당연시 여기는 풍조에서 그녀는 반란에 가까운 행동을 보인다는 것이다. 제국의 상위 귀족들은 하급 귀족들이나 평민을 괴롭혀도 죄가 되지 않는다고 여긴다. 괴롭힘당하는 어떤 하급 귀족을 구하게 되면서 그녀는 또다시 성녀가 된다.황녀인 그녀는 상위 귀족들의 정점이다. 당연히 아랫사람들을 괴롭히는 입장에 서 있지만, 그녀는 괴롭힘당하는 하급 귀족을 구해준다. 괴롭힘은 미래 혁명이 일어나는 세 가지 이유 중 가장 큰 원인이 된다. 그만큼 제국에서 아랫사람 괴롭힘이 만연하다는 것이고, 황녀가 아랫사람 구해준다는 건 현재로서는 있을 수 없는 일. 사실은 기껏 아군으로 만들어둔 덜렁이 전속 메이드에게 밑 보이지 않기 위함이라는 타산이 깔려 있는데 주변은 알리가 없다. 지금은 아군을 한 명이라도 더 만들어 두어야 하니까. 문제는 지금 구해준 하급 귀족이 미래 혁명을 일으킨 주모자 중 하나라는 것. 일이 참 재미있어진다. 자신을 단두대에 올린 장본인을 구해주게 된 그녀는 지금 어떤 마음일까. 거기에 성녀 다운 말까지 내뱉어 놓으니 주모자는 구세주를 넘어 사이비 교주를 만난 듯한 표정을 짓는다. 그리고 학원 라이프, 그녀의 미래개혁은 계속된다. 인맥도 많이 만들고, 남친도 만들고... 이럴 바엔 그냥 보따리 싸서 야반도주하는 게 낫지 않을까 싶을 정도로 그녀는 매우 노력한다. 이 과정에서 만나는 여 캐릭터들이 귀엽다. 남 캐릭터는 별로다. 성격도 이상하고... 아무튼 노력한다. 근데 복선을 보니 미래는 바뀌지 않을 거 같다.뜬금없지만, 글이 길어지고 시간도 시간이라서 이만 줄이고자 합니다. 아직 반도 못 썼는데, 이건 필자의 나쁜 버릇이라고 할까요. 무아지경이 되면 끝도 없이 써 내려갑니다. 장신 차리고 보면 몇 시간이 지나 있고, 글은 오만상 길어져 있고... 이번 티어문은 사실 이렇게 길게 쓸 만큼 작품성이 뛰어난 건 아닙니다. 주된 내용은 처음부터 끝까지 미래를 바로잡기 위해 고군분투하는 이야기인데요. 이 과정이 역경을 이겨내고 얻어내는 결과물이 아니라 행동을 하다 보니 얻어걸리는 그런 부류죠. 상대가 알아서 착각을 해주니 이쪽은 편하게 일을 처리해 나간다고 할까요. 그래서 딱히 긴장감이 높은 것도 아니고 크게 유쾌한 부분이 있는 것도 아닙니다. 점수를 주자면 10점 만점에 6점 정도. 점수가 낮은 이유는 인맥을 만들기 위해 이웃 나라 왕자를 내 편으로 끌어들이는 대목이 억지성이 매우 컸기 때문이군요. 이 작품이 19금이었다면 자신의 안위를 위해서 몸까지 내놓지 않았을까 할 정도로 영혼 없는 대시는 은근히 짜증을 불러왔습니다.",9791165079222
34,꿀잼 착각물!,5,5,라스트낭자,2020-08-15,단두대에서 시작하는 황녀님의 전생 역전 스토리!!! 이 책을 구매하게 된 계기는 우연히 어떤 댓글을 봤는데 이 책이 착각물의 명작이라고 써놨길래 착각물...? 그게 뭐지?하고 흥미로 사게된 책이다. 우선 착각물이란 주인공은 그런 생각을 가지고 한 행동이 아니지만 주변 인물들이 엄청난 착각을 하여 주인공을 띄워주는? 착각과 오해로 인해 이야기가 진행되는 이야기라고 할 수 있다. 본론으로 돌아가서 주인공 미아 황녀는 망해가는 제국에서 혁명으로 인해 단두대에서 목이 잘리면서 시작한다. 그런데 죽은 줄로만 알았던 자신이 어린나이로 돌아가게 되면서 단두대에 처형되지 않기 위해 착하게..? 살아가게 되는 이야기?? 미아가 단두대에 목이 잘렸었음에도 상당히 이기적인 모습을 많이 보여주지만 웃으며 볼 수 있는 귀여운 이기적임이었다. ㅋㅋㅋ 그리고 본 소설은 한 화 한 화가 5쪽 남짓으로 짧게 짧게 넘어가는데 요즘 인터넷 소설을 책으로 낸 작품같은 경우 다 이런 느낌인 걸로 알고 있다. 개인적으로 나쁘지 않았다. 그리고 마음에 들었던 점은 누가봐도 남자 주인공 일 것 같은 인물이 남자 주인공이 아니어서 좋았던 것 같다. 좀 의외였던? 정말 재미있게 읽었다. 2권도 무조건 구매!! 작품이 마리 앙투아네트를 재해석한 이야기인 느낌인 지라 약간 호칭과 단어가 어려운 것들이 있었지만 검색해서 알아보고 보면 정말 재미있다.,9791165079222
35,살얼음판을 걷는 듯한 로제마인의 사교,5,5,ricecool,2020-10-02,"책벌레의 하극상 제4부 - 귀족원의 자칭 도서위원 6그리고, 팬들에겐 꽤나 까이는 왕자 3형제 중 막내면서왕자 셋 중 유일하게 비즈니스 관계로 접근하는 게 아니라서마인팬에게 더 미움받는 힐데브란트 왕자 등장.. ㅎㅎ한넬로레와 에렌페스트 어른 3인방(질베스터, 칼스테드, 페르디난드)의 반응을 더 보고 싶었습니다.이번에도 재미있게 읽었습니다. 다음권이 기대되네요.",9791190800969
36,책벌레의 하극상 제4부 - 귀족원의 자칭 도서위원 6,5,5,apple,2020-09-09,책벌레의 하극상 제4부 - 귀족원의 자칭 도서위원 62학년이 된 로제마인은 귀족원 1학년으로 들어온 사를로테에게 언니로서 모범을 보이려고 하지만 사를로테가 오히려 사교에 있어서 도움이 됩니다. 그리고 이야기를 만드는데 재능이 있어 측근으로 삼고싶어 했던 로데리히가 드디어 이름을 바치면서 측근이 됩니다. 의도와는 다르게 힐데브란트 왕자와 계속 엮이게 되는데 다음 내용에 어떤 결과를 일으킬지 궁금합니다.,9791190800969
37,[eBook] 책벌레의 하극상 제4부 - 귀족원의 자칭 도서위원 6 카즈키 미야 저/시이나 유우 그림/김봄 역ㅍ,5,5,치킨마요,2020-08-30,[eBook] 책벌레의 하극상 제4부 - 귀족원의 자칭 도서위원 6카즈키 미야 저/시이나 유우 그림/김봄 역6권에서는 새로운 인물이 나오는데.. 표지에도 당당하게 장식을 한 힐데브란트입니다. 아나스타지우스가 졸업한지 얼마나 됐다고 ㅋㅋ 중앙이랑도 질척하게 얽히게 될 것 같은 예감이 드네요. 생각만 해도 머리가 아픈 아렌스바흐랑도 엮이게 되는데~ 다음 권이 없는게 아쉽네요.,9791190800969
38,책벌레의 하극상 제4부 - 귀족원의 자칭 도서위원 6,5,5,주여니,2020-07-04,다시 귀족원 수업이 시작되었습니다. 로제마인에게는 기쁜일이지만 보호자들에게는 걱정거리만 안겨주는 귀족원 생활입니다. 그리고 이번엔 로제마인은 2학년으로 시작되고 1학년으로 동생인 샤를로테가 같이 가게 되었습니다. 그래서 더욱 의욕에 불타오르는 군요. 보호자들은 자중해주었으면 하는데..ㅎㅎ 이번에도 로제마인은 결국 사고를 치고야 말았습니다. 뭐.. 자신은 말려들었다고 생각할지 모르지만.. 이번에도 또 왕자관련 사건에 말려들었고..이번에도 시험은 또 금방 통과가 되는 기적을 연출.. 다른 영지의 관심을 이끌어 내게 되었습니다. 또한 학생들이 토벌할 수 없는 마수를 토벌하는 바람에 뒷처리가 골치 아파진 것을 로제마인은 아직 모르고 있죠. 다음권이 기대됩니다^^,9791190800969
39,잘 봤어요. 어서 다음 권을!,5,5,ricecool,2020-09-05,"첵 표지에 힐데브란트왕자가 있어서 윽.. 원서 표지부터 그러니 어쩔 수 없죠 ㅎㅎㅎ 그래도 재미있게 읽었습니다. 이번 권의 중심 이야기는 신의 물건과 타니스베팔렌이었습니다. 책 끝에 실린 단편에 뒷이야기가 나오는데, 아 이래서 그랬구나하는 생각이 들게 써놨네요. 보호자들의 고민 파트는 좀 더 길어도 좋지 않았을까. 나중에 단펀이 따로 나오면 좋겠습니다.한편 일상적인 학원생활과 과목수료와 아이들의 호승심같은 묘사는 작가 스타일이 아닌 듯. 가장 아쉬운 부분이었습니다. 분량이 얼마 안 되기 때문에 상관없지만.",9791190800969
40,늘 사모으는 시리즈,5,5,지나가다,2020-08-31,늘 사모으는 시리즈 책벌레의 하극상입니다.이번의 표지는 도서위원 3인방!번역본 끝까지 읽은 감상으로는 힐데만 보면 안타까워요. 어린애에게 기회가 사라진다는 게.한넬로네도 여전히 귀엽습니다! 이런 귀염성 있는 얼굴로 나중에 XXX를 하고 ㅇㅇ를 쓰러트려 ㄴㄴ를 한단 말이죠.... 역시 피란 무섭습니다.그리고 외전도 챙겨 보세요!,9791190800969
41,너무 읽고 싶어서 주말을 통째로 갈아서 읽었다,5,5,메구,2020-08-04,"<책벌레의 하극상>이라는 작품을 처음 알게 된 건 대원씨아이를 통해 발매된 만화 <책벌레의 하극상 제1부 병사의 딸> 에피소드가 계기였다. 만화책을 재미있게 본 이후 곧바로 애니메이션 방영 소식을 들었고, 애니메이션으로 방영된 <책벌레의 하극상> 시리즈를 보면서 나는 완전히 이 작품에 반해버리고 말았다. 하지만 반했다고 해서 작품을 곧바로 다 구매할 수는 없었다. <책벌레의 하극상> 라이트 노벨 시리즈는 한두 권이 아니라 10권이 넘는 권이 발매되어 있는 데다 한 권 한 권의 가격이 비쌌기 때문에 오랜 시간 망설였다. 하지만 결국 살까 말까 망설이던 나는 읽고 싶은 욕심이 너무나 커져서 한꺼번에 구매하는 건 무리더라도 한 시리즈씩 구매해서 읽어보기로 했다. 그렇게 나는 제2부 시리즈부터 조금씩 구매해서 <책벌레의 하극상> 시리즈를 읽었다. 그리고 2020년 7월 막바지가 되어서 드디어 한국에 정식 발매된 <책벌레의 하극상 제4부 귀족원의 자칭 도서위원 6권>을 읽을 수 있었다. 처음에는 제4부 시리즈가 6권으로 완결이라고 생각했는데, 알고 보니 제4부 시리즈는 무려 9권까지 이어지는 방대한 분량을 자랑했다. 귀족원에 들어간 책을 좋아하는 주인공 마인이 일으키는 여러 사건이 너무나 재미있게 그려졌다. 라이트 노벨 <책벌레의 하극상>은 책을 너무 좋아하던 주인공이 지진으로 일본에서 사망하게 되고, 이세계에 전생해 책을 읽기 위해서 갖은 수단을 동원하는 에피소드가 그려진 라이트 노벨이다. 평범한 이계치렘 라이트 노벨이라면 무쌍의 힘을 이용해서 책을 읽었겠지만, 이 작품에서 주인공은 평범한 병사의 딸로 태어나 굉장히 허약한 몸을 지니고 있었다. 그래서 그녀는 자신이 원하는 대로 인생을 살기 어려웠고, 책을 읽을 수 없는 환경에 몇 번이나 좌절을 맛 보아야만 했다. 하지만 그런 좌절 속에서도 주인공 마인은 책을 읽고 싶다는 욕심을 버릴 수가 없었다. 몇 차례나 목숨을 잃을 뻔한 위기를 넘기면서 마인은 평범한 병사의 딸에서 신전의 견습 무녀가 되고, 영주의 양녀가 되는 등 살아서 책을 읽기 위해서 발버둥쳤다. <책벌레의 하극상 제4부 귀족원의 자칭 도서위원> 시리즈는 마침내 귀족 학원에 입학한 주인공 마인이 그곳에서 왕족과 상위 귀족을 만나면서 사고를 치는 에피소드가 그려졌다. 크고 작은 문제들을 홀로 주변 사람의 도움을 받아 잘 헤쳐나가고 있었지만, 여전히 마인이 거주하는 영지인 에렌페스트를 노리는 아렌스바흐의 음모는 현재 진행형으로 전개되는 도중이었다. 그리고 영주의 양녀라고 해도 그렇게 영향력이 크지 않은 소규모 영지의 자제이기 때문에 상위 영주 자제들에게 함부로 할 수가 없었다. 그탓에 귀족원에서 디터 승부를 벌이기도 하고, 왕족과 얽혀서 쓸데없이 문제를 크게 만들기도 했다. 이러한 에피소드 하나하나가 책에서 눈을 뗄 수 없게 하면서 라이트 노벨에 빠지게 만들었다. 덕분에 책을 얼마나 재미있게 읽었는지 모른다. 정말 오랜만에 몰입해서 이야기를 읽고 싶은 라이트 노벨을 찾는 사람에게 <책벌레의 하극상> 시리즈를 적극적으로 추천하고 싶다. 애니메이션으로 방영된 부분은 아직 제2부 신전의 견습 무녀 시리즈의 중간 정도의 분량이고, 만화책은 국내에 제2부 신전의 견습 무녀 2권이 발매되어 있다. 그렇기 때문에 그 이후의 에피소드가 궁금하다면 라이트 노벨을 사서 읽을 수밖에 없다. 나는 그것을 참지 못해서 제2부 신전의 견습 무녀 시리즈부터 차곡차곡 구매해서 읽기 시작해 오늘 2020년 7월 막바지 이르러 제4부 귀족원의 자칭 도서위원 6권을 읽을 수 있었다. 부디 길찾기 출판사에서 다음 <책벌레의 하극상 제4부 귀족원의 자칭 도서위원 7권>을 빨리 발매해주었으면 좋겠다. 그동안 발행 주기를 본다면 오는 8월을 맞아서 7권이 발매되어야 하는데 말이다. (웃음) 아무튼, <책벌레의 하극상>이라는 작품은 책벌레 독자를 위한 아주 재미있는 라이트 노벨이다. 일본에서 2018, 2019년 연속으로 이 라이트 노벨이 대단해! TOP 을 차지할 정도의 작품이니 말이 필요 없다. 한국에서는 번역 오역이 좀 있어서 비판을 받기도 했지만, 그 모든 것을 감수하고 읽을 만한 가치가 있는 작품이니 기회가 된다면 꼭 책을 만나볼 수 있기를 바란다. 그리고 아래에 첨부한 유튜브 영상 후기도 시청해주면 감사하겠다!https://youtu.be/rZMeGj-EcCchttps://youtu.be/dRwzFc9_WIA",9791190800969
42,공녀 전하의 가정교사 1,5,5,supermen8704,2020-10-03,자신에 대해 과소평가가 매우심한 주인공 앨런이 왕도에서 선생님의 의뢰를 받아 멀리 있는 공녀 전하의 가정교사로 들어가게 되면서 시작이 되는 이야기 입니다. 공녀 전하는 마법을 전혀 쓸수 없다고 하는 저주받은 아이로 통하고 있는데 주인공은 공녀 전하의 사정을 듣고 어떻게든 마법을 가르쳐 왕도에 있는 학원에 입학시키려 합니다. 과연 무탈하게 될지는 모르겠네요.,9791165246938
43,공녀 전하의 가정교사 01,2,1,ilnen,2020-08-17,전체적인 캐릭터들이나 스토리 자체는 나쁘지 않다고 생각함.다만... 사기 전에도 계속 고민했던게 몇몇분들이 비추천을 한 이유가 웹소설로 연재되던걸 거의 다듬지않고 그대로 내서 내용이 뚝뚝 끊긴다고 적어놨었는데 읽어보니 레알이었음.어느정도냐면 글을 읽는데 집중이 안됨... 1권사고 속는셈 치고 2권까지 샀지만 흥미도 점점 떨어져서 다읽는데 2주가 넘게걸렸음.3권이 나온다하더라도 살 의향은 없음.,9791165246938
44,공녀 전하의 가정교사 1,5,5,p군,2020-08-13,"왕궁 마법사 시험에서 떨어진 남주 앨런이 교수님의 소개로 북방을 지키는 하워드 공작가의 차녀-표지에 나온 소녀, 남주와 만나기 전까지 마법을 전혀 쓰질 못했다-와 하워드 가를 모시는 워커 가의 외손녀의 가정교사가 되는 장면을 보여주는 것으로 본격적인 이야기가 시작된다. 일단 남주와 공녀 전하 티나의 나이 차이는 4살이고 그녀를 보좌하는 메이드 엘리는 남주와 3살 차이. (때문에 앨런이 그녀들을 귀여워해주는 장면이 곧잘 나온다)여하튼 남주 덕분에 티나와 엘리는 한걸음 내딛을 수 있는 계기를 마련할 수 있었고, 다음 권에서 그녀들이 보여줄 모습이 벌써부터 기대가 되었다.",9791165246938
45,공녀 전하의 가정교사 01,5,5,주여니,2020-07-26,마력은 있지만 마법을 쓸 수 없기에 무능한 공녀라 불리는 아이를 가르치는 가정교사의 이야기입니다. 그런데.. 이 가정교사가 왕국의 왕국소속 마법사인가 하면 그건 또 아닙니다. 그 시험을 쳤다가 떨어진 마법사입니다. 분명 재능은 있고 유능하지만 왕국소속의 마법사는 아니거든요. 그런데 공작의 영애인 공녀를 가르치는 가정교사.. 그것도 무능한 공녀라고 불리는 아주 힘든 일을 맡아서 해야되는 했습니다. 추천을 한 사람은 나중에 나왔지만 엄청난 인물이더군요. 처음에는 별로 중요하지 않은 듯한 분위기를 풍겼지만요. 그냥 연줄정도로만 생각했습니다. 주인공은 뭐.. 내용에도 나왔지만 그다지 마력은 없나보더군요. 그런데.. 공녀와 이어질 것 같습니다. 열쇠라는 말이 계속 신경이 쓰이기 때문입니다. 안그러면 다른 공녀와 이어질 수도 있지만.. 키스까지 해버렸고.. 의미심장한 키워드까지 나왔으니 진히로인 결정이겠죠. 다음권 내용이 기대되는군요.,9791165246938
46,리뷰,5,5,xlazer,2020-07-16,마법을 사용하지 못하는 공녀 전하 앞으로 나타난 가정교사.... 주인공은 엄청난 실력을 가졌으면서도 별로 티내지 않았다.... 남들이 어렵고 하기 힘든 마법도 손 쉽게 해버리는데.... 상식을 초월한 수업을 주인공은 공녀 전하에게 가르치려고 하는데... 앞으로 엄청난 수업이 기다리고있다.... 과연 마법을 쓰지 못하는 공녀 전하를 마법을 쓰게 만들 것인가... 과연??...,9791165246938
47,공녀 전하의 가정교사 2,5,5,supermen8704,2020-10-03,"공녀 전하의 가정교사 2권이네요. 저번 권에서 공녀의 가정교사가 된 앨런이 여러 사람들의 계락(?)으로 왕도에서 계속 가정교사로 남게 되면서 이야기가 흘러 갑니다. 그리고 갑자기 여러 사람들이 막 등장하게 되는데요. 라디야 공녀의 여동생 리네와 티나 공녀의 언니, 주인공의 여동생이 새롭게 등장을 하게 되었습니다. 그리고 주인공이 왕도로 떠나게 됐던 원인인 제럴드 왕자도 등장을 합니다.",9791165246945
48,공녀 전하의 가정교사 2권,5,5,p군,2020-08-21,"앨런과 리디아가 처음 만났던 4년 전의 에피소드를 보여주는 것-앨런이 리디아의 저택에서 그녀와 메이드에게 시달린 끝에 잠깐 잠이 들었는데 이 때 꾼 꿈의 형태로 나옴-으로 이번 권이 시작된다. 아무튼 이번 권은 크게 티나와 엘리, 리네의 입학식을 준비하면서 벌어지는 사건과 앨런이 학교장의 부탁을 받아 임시 강사가 된 일, 그리고 무례한 2왕자에게 응징을 하는 장면.. 총 3개의 파트로 나눌 수 있었다. 그리고 에필로그에서 티나가 보여준 결의가 이후 이야기에 하나의 변수가 될 듯 싶었고.. 여하튼 이번 권도 재미있었다.",9791165246945
49,공녀 전하의 가정교사 02,5,5,주여니,2020-07-26,주인공의 여동생도 나오고 갑자기 여자 캐릭터들이 엄청나게 늘어났습니다. 학원편이 시작되어서 그런지 흥미진진한 내용이 많이 나오는군요. 그런데.. 학원편이긴한데.. 학원의 내용보다 웬지 왕궁의 어두운 면이 더 많이 그려지는 듯한 느낌입니다. 특히 악역으로 설정된 2왕자의 경우는 왕자임에도 불구하고 근신처분의 의미를 전혀 알지못하는 느낌입니다. 그리고 아무리 머리가 나쁜 왕족이라도 공작가문은 건드리면 안되는 것은 안된다는 것은 아는 것은 기본이라는 건 뻔한데..왕족이면 모두 용서가 된다는 그런 생각을 가진것 자체가 한심합니다. 이정도로 대형사고를 쳤으니 왕위계승에서 탈락하는 것은 당연하다고 봐야겠죠. 최고귀족인 공작가를 적으로 돌리고 무사한 왕족은 없으니까요. 4대 공작가중 2개를 적으로 돌린다면 게임은 끝났다고 봐야겠죠. 다른 왕위계승권자도 있는데 사고를 친 계승권자는 뭐..ㅎㅎ 그리고 검희가 진히로인처럼 보이긴하는데..현재로서는 가장 앞서고 있는 히로인이죠. 가장 마음을 전달하고 있지만 돌려서 전달하는 바람에.. 스트레이트로 전달해야 둔감남에게 전달이 될텐데..ㅎㅎ 일단 히로인 쟁탈전에서 누가 승리할지 궁금하지만 개인적으로는 하워드 공작영애가 진히로인이 될 것 같은 느낌입니다.,9791165246945
50,리뷰,5,5,xlazer,2020-07-16,공녀 전하와 그 친구의 재능을 필요 이상으로 끄어내 왕립 학교에 합격시키는 주인공.... 왕립 학교에 입학하는 제자들과 함께 가정교사로서 왕도로 돌아온 주인공.. 주인공을 기다리는 무엇이 잇는데...거기서 일찍이 주인공이 마법을 알려줬던 친구가 거기 잇었는데... 그 친구와 승부를 하게 된다.. 그 승부로 인해 학교 수업가지 맡게 되버리는데??.. 그 수업도 엄청 났던것이 되버리는데....,9791165246945
51,이세계 마법은 뒤떨어졌다 9,5,5,supermen8704,2020-10-03,이세계 마법은 뒤떨어졌다 9권입니다. 이제 현대편으로 넘어왔습니다. 그리고 새로운 주연이 되실 캐릭터와 쿠드라크와 싸웠던 사람 중 하나인 알츠바인의 인형공주라고 하는 하이데마리가 나옵니다. 하이데마리는 만들어진 호문쿨루스 인데요 다른 책들의 호문쿨루스와 다르게 완벽한 존재로 만들어진 하이데마리는 마술의 재능이 매우 뛰어나다고 합니다. 현대로 돌아온 스이메이 일행은 레피르를 위해 쿠치바 가의 도장을 찾아가기도 하고 다시 이세계로 가기 위한 허락을 구하기 위해 결사로 향하기도 하며 무난하게 진행이 됩니다. 그리고 스이메이의 실력이 이번에 살짝 공개가 되는데요. 스스로를 중하라고 평가하는 스이메이와 달리 주위의 평가는 매우 높습니다. 앞으로 스이메이가 본래의 힘을 이세계에도 쓸수 있다면 어찌될지 궁금하네요.,9791165077716
52,이세계 마법은 뒤떨어졌다! 9권,5,5,p군,2020-08-31,"이번 권은 특히 속컬러 삽화가 상당히 괜찮았고, 작중 스토리도 이전 권과는 비교가 안될 정도로 몰입감이 상당했다.(단지 작중 등장하는 인물이 매칭이 잘 안되었던 것이 옥의 티였지만) 여하튼 현실 세계에서 벌어진 일련의 사건을 마무리짓고 다시 이세계로 가는 모습을 보여주는 에필로그에서 페르메니아와 리리아나가 스이메이와 가볍게 투닥거리는 모습을 보면서 절로 웃음이 나와버렸달까. 여기에 흑백 삽화도 생각했던 것보다 나쁘지 않았다.",9791165077716
53,이세계 마법은 뒤떨어졌다! 09권,4,4,주여니,2020-07-24,이세계에서 현대세계로 잠시 넘어와서 벌어지는 일입니다. 마지막에는 다시 이세계로 돌아가는군요. 원래 이세계물은 현대로 돌아오면 끝이라는 개념인데.. 이건 현대로 돌아왔다가 다시 이세계로 돌아가는군요. 거기에 주인공이 이세계에서 했던 말이 거짓말이라는 것은 들통이 났습니다. 자신의 실력은 중하라고 했는데.. 완전히 상급이군요. 그것도 최상급실력이죠..나이도 어리면서 말이죠. 거기에 부자이기도 합니다. 가문도 명가이고요. 제자도 원래세계에 있군요. 호문클루스이지만요. 뭐.. 사역마라고 하는데.. 사역마이지만 제자.. 다른사람은 사역마로 알고 있고.. 주인공은 제자 취급.. 이런 느낌인가요? 호문클루스라서 제자는 안된다는 느낌이죠..그래서 사역마..뭐.. 느낌은 완전히 인간이랑 똑같은데..ㅎㅎ 이세계 소녀들은 현대로 와서 자신의 부족한 점이나 문제점을 보완하거나 고치고 돌아간다는 점이 좋네요. 다음권이 언제 나올지 모르겠지만 너무 늦지 않게 나와줬으면 좋겠습니다.^^,9791165077716
54,이세계 마법은 뒤떨어졌다 09,4,4,rlawlstn10,2020-06-20,8권에서 귀환 마법진을 시동하면서 끝이 난지라 9권에서는 귀환직후 부터 시작합니다. 솔직히 이세계쪽이 메인이지만 이번무대인 현대쪽이 더 재밌는것같내요. 결사의 마술사들이 현대에 사라진 반인반정령인 레피르보고 일으키는 반응이 아이돌 팬사인회나 중고등학생들 같은부분에서는 어색함을 엄청느꼈습니다만...마지막에 주인공의 제자이자 호문클루스인 하이데바라가 같이 이세계로 떠난건 좋은대 스이메이의 스토커로 보이는 누군가도 같이 따라갈생각인것같아 저쪽세계든 스이메이주변이든 더욱 개판되겠군요,9791165077716
55,이세계 마법은 뒤떨어졌다! 9권 리뷰,5,5,re.start,2020-06-08,현대 마술을 등장시켜 초반부터 저에게 재미를 선사해준 이세계 마법은 뒤떨어졌다! 9권으로 찾아왔습니다. 이번 9권 내용에서는 일본으로 귀환을 달성한 마술사 아카기 스이메이를 중점으로 시작되는데요. 아카기 저택에 돌아오고 제자이자 호문쿨루스 소녀와도 재회를하였습니다. 이렇게 이세계에서 현대로 귀환을 목표로해서 그 원하던 목적을 달성하게 되는데요. 그러나 마음속에 이세계가 남아있고 동료들이 기억나는 그는 다시 한 번 이세계로 되돌아가는 허가를 결사 맹주에게 구하게 됩니다. 그런 스이메이에게 먼저 신격을 다루는 범죄자의 포박이 예정되어있었고 원래의 힘을 발휘할수 있게된 스이메이는 강력함을 보여줍니다. 10권이 정말로 기대되는 그러한 책입니다.,9791165077716
56,장편임,5,5,라이트노벨광팬,2020-04-20,이 세 개   마법입니다 호기심에 구입했는데 상당히 재미가 있더군요 이뿐만 아니라 이복원을 통해서 나는 새롭게 알게 된 사진 수 있어서 즐거웠씁니다 개인적으로는 이런 유의 작품상황이 좋아합니다 그래서 그런지 한 가지 모르면서 있게 되었습니다 뿐만 아니라 입었고 통해서 새롭게  있어서 더 즐거웠던 작품이 아닌가 합니다 에서는 어떤 느낌이 주인공과 어떤 느낌 히로인들을 볼 수 있을지 벌써부터 기대가 됩니다,9791165077716
57,재밌어요 !!!,5,5,밍고,2020-09-30,애니메이션을 먼저 접하게 되었고 이제 원작 라노벨과 코믹스를 읽게 되었는데 주인공이 먼치킨 이지만 상당히 매력적인 작품 입니다. 각 에피소드로 진행되면서 여러가지 외전이 한곳에 모여있는 느낌이 없다고는 못하지만 이야기들이 서로 연결 되면서 매력이 넘친다고 생각합니다. 등장하는 캐릭터들도 매력있고 즐겁게 접할 수 있고 개성도 있습니다. 매우 즐겁게 읽고 있는 작품이라 아직 접하지 못하신 분들께 추천 드립니다. 가볍게 즐겁게 느끼세요 ^^,9791165070816
58,전생했더니 슬라임이었던 건에 대하여 14권,5,4,다,2020-09-18,전생했더니 슬라임이었던 건에 대하여 14권 리뷰입니다.  제국과의 전쟁에서 압도적인 승리를 거두면서 받아들인 영혼을 거대하게 베니마루 등의 영혼의 터널로 연결된 동료들에게 나누어주어 상위 계층으로 진화시켜서 다른 나라 왕들의 머리를 찌끈거리게 만드는 대형 사고를 치지만 리무르 본인은 그런 자각은 있지만 좀더 나은 미래를 위해서라고 어필하게 되고 제국과의 다가올 전쟁에 대비하여 기이의 장기말이 되어 싸우기로 정하면서 제국에 있는 유이치와의 공동전선을 펼치려 했지만 제국의 콘도 중위와 황제 루드라 그리고 베루들린드로 인해 저지되고 리무르의 맹우 베루도라가 황제의 지배로 인해 빼았기게되어 크게 분노하면서 마무리됩니다. 다음 15권에서는 어찌될지 궁금합니다,9791165070816
59,전생했더니 슬라임이었던 건에 대하여 14권,4,3,말랑카우,2020-08-20,"봉인 되어 있던 사룡 베루도라의 힘이 소실됬다고 생각한 제국은, 대삼림에 있는 쥬라 템페스트 연방국은 아무것도 아닌것 처럼 느껴졌다. 그리고 위대한 황제폐하와 100만 대군을 멈출 수 없을 꺼라고 제국 시민들은 생각했다. 하지만 그 생각은 슬라임에게 어이 없이 섬멸당하고 새로운 마왕이 탄생해버리는 결과를 맞이했으니.하지만 리무루도 제국을 너무 과소평가 해버리는데, 진정한 전투가 시작되려고 한다.",9791165070816
60,전생슬 14권,5,5,크리스탈로우,2020-04-15,드디어 14권까지 왔습니다. 시작은 진정한 마왕으로 진화하는 마물들의 모습이라고 할수 있을 것 같습니다. 엔딩장면을 빼고 가장 인상깊은 장면이었습니다. 무엇보다 모아둔 영혼으로 진화하는 모습들이 재미있었는데 그중에서고 차애인 디아블로가 가장 웃겼습니다. 마지막에 상을 받게되는데 앞에서 족족 진화를 하거나 어느것 하나 빠짐없이 유용하고 값어치있는 상을 받고 있네? 나도 그런걸 주시겠지? 리무르님과의 2박3일 단독여행권같은거? ....는 아니었지만 역시나 디아블로도 진화합니다. 애니나 만화로 꼭 이 장면을 볼 수 있으면 좋을 것 같네요. 눈이 반짝반짝거리는 디아블로가 꼭 보고 싶습니다. 그렇게 한바탕 난리가 나고 기이가 나타납니다. 자신들의 부하들도 진화시켜달라고 하는데 여기서 우리의 라파엘이 사기...비슷한... 음 본인 말로는 정당한 수당과 같다고 하지만 리무르보다 더 영악하게 영혼수를 부풀려받고 진화시켜줍니다. 덕분에 스페어 영혼이 남아 다른 태초의 악마 셋에게 언제든 진화를 시켜줄수있는 선택이 생겼습니다. 이건 분명 나중에 유용하게 쓰일 것 같네요. 마지막은 베루도라가 영혼의 회랑을 끊으면서 리무르가 분노하는 장면입니다. 어서 다음권을 읽어야겠네요. 역시 재미있습니다.,9791165070816
61,14권,5,5,창공,2020-03-05,전생했더니 슬라임이었던 건에 대하여 14권입니다.제국과의 싸움이 한창 벌어지고 있는 14권입니다. 하지만 제국엔 용종이 버티고 있었기에 만만하지가 않았습니다. 사실 리무루에게 쳐들어온 제국군들은 완패했지만 제국에 버티고 있는 전력들은 진짜였던 것이죠. 그렇게 싸움을 이어오다가 결국 리무루는 베루도라를 빼앗기게 됩니다. 사실 리무루가 분노하는 일은 결코 많지 않은데요. 다만 자신의 소중한 사람들을 잃게 되거나 빼앗기게 될 때 많이 분노하더군요. 그리고 그 일이 벌어졌고 리무루는 결심을 하게 되면서 끝나네요. 다음권이 시급한 그런 마지막이었네요. 재미있었습니다.,9791165070816
62,전생했더니 슬라임이었던 건에 대하여 14권,5,5,p군,2020-03-02,"결론적으로 지난 권에 나왔던 전쟁은 아무것도 아니었음을 이번 권을 보고나서 느낄 수 있었다. 아무튼 이번 권은 다음 권을 위한 일종의 프롤로그 느낌이 강하게 들었던 권이기도 했고, 작중 상황을 보건대 다음 권에서 이 시리즈가 하나의 변곡점을 맞지 않을까 싶기도 했다. 참고로 지난 전투로 인해 리무르의 메인급 부하들이 다시 한번 진화를 하게 되었고, 이들이 활약하게 될 다음 이야기가 기대가 되었다. (제발 파워인플레이션이 벌어지질 않길..)아무튼 이번 권도 생각 이상으로 괜찮았다.",9791165070816
63,전생했더니 슬라임이었던 건에 대하여 14권,5,5,주여니,2019-11-29,"리무르의 부하들도 진화하네요. 리무르가 전쟁중인 상태에서 불안을 느꼈는지 부하들도 진정한 마왕으로 진화를 시켜줍니다. 간부진들이 몇 명, 그리고 미궁 십걸중의 몇 명이 진화대상자입니다. 리무르는 참 대단한 것 같습니다. 진정한 마왕으로 진화를 간단하게 시켜주다니요.. 자신이 시켜주면서도 베니마루에게 말한것처럼 불안을 느낀다고 했습니다. 그렇지만 진화시켜 주겠다고 했죠. 그것만으로도 얼마나 포용력이 있는지 알 수 있는 주인인것을 알 수 있습니다. 주위의 사람들은 그 사실을 알았을 때 얼마나 겁을 먹었는지를 보면 잘 알 수 있죠. 기이는 예외였지만요. 기이는 자신의 부하들도 진화시켜 달라고 부탁까지 했을 정도니까요. 그리고 리무르는 평소보면 엄청 약한것처럼 행동합니다. 분명 진정한 마왕인데.. 능력발휘를 거의 안하죠. 부하들이 리무르의 능력을 대부분 계승했고.. 열화한 능력을 가지고 사용하고 있는데.. 더 강력한 것 처럼 느껴집니다. 그래서 마지막에 리무르가 분노한 장면이 나왔을 때에는 다음권이 기다려지게 되었습니다.^^",9791165070816
64,전생했더니 슬라임이었던 건에 대하여 14권,5,5,ㄱㅎㅅ,2019-11-15,전생했더니 슬라임이었던 건에 대하여 14권을 읽었습니다. 제국과의 1차전에서 100만에 달하는 적을 전멸시키고 승리한 리무르 일행은 그 기세를 몰아 부하들의 공로를 치하하며 힘을 부여해 더 강한 저력을 갖추게 됩니다. 하지만 역시나 최강국인 제국도 이대로 끝나지는 않을 것 같습니다. 오히려 적들의 수뇌부가 나서면서 규모는 컸지만 전초전에 불과했던 전투가 끝나고 진정한 전투로 돌입하는 것 같습니다.,9791165070816
65,우리집 애기신령님은 뿔이 났다 07,3,3,rlawlstn10,2020-10-01,마지막 7권 이군요. 표지를 보면 아시겠지만 일단 납치된 나리와 재호했내요.끝이라고 굵직한 떡밥들이 풀리긴했는대  여왕마혼전이후 폭주때 해결이 표지그자체라 뭔가 아쉽내요.항상 나리에게 의지했으니 일관성 있다고 할지 성장이 생각보다 덜됬다고해야할지 미묘한 느낌으로 끝이났내요. 사룡과 크리스티나의 정체는 의외였습니다. 생각보다 스케일이 큰 일이었내요. 뭐 주구장창 막아서던 탈주무당씨는 비교적 흔한 전투광이었지만요.,9791164665181
66,"거미입니다만, 문제라도? 03권",3,5,말랑카우,2020-09-29,"거미로 환생하게 된 여고생짱은 던전에 거의 완벽하게 적응하게 되고.계속되는 던전 탐색을 통해 강해진 주인공을 슬슬 몬스터들이 피하게되는데.먹이를 구하기 힘들어지는거 아닌가 라고 생각하고 있을때!중간보스급 지룡과 다시 재회하고,중간급 보스가 뭘하는지는 이미 알고 계실껍니다.이제 뭐 이거 싸우면서 자신이 얼마나 강해졌는데 느낄 수 있겠죠.과연 이제 전차도 씹어먹을 수 있는 여고생은 모험을 성공적으로 할 수 있을까요?스킬입니다만, 문제라도? 3권 이였습니다.",9791127851958
67,"[eBook] 거미입니다만, 문제라도? 03권 바바 오키나 저/키류 츠카사 그림/김성래 역",5,5,치킨마요,2020-09-15,"[eBook] 거미입니다만, 문제라도? 03권바바 오키나 저/키류 츠카사 그림/김성래 역3권에서 알았는데 ㅠㅠㅋㅋ 전 인간파트가 미래 내용인 줄 처음 알았어요. 거미양이 거미로 태어난 시점과 다른 친구들이 환생해서 인간아기로 태어난 시점이 동일한 줄 알았는데 그게 아니었네요; 슌이 꿀빨고 태어난 동안 거미양이 하도 고생을 해서인지 차이가 너무 많이 나네요.",9791127851958
68,"거미입니다만, 문제라도? 3권",5,5,p군,2019-11-09,"'불꽃'으로 대변되는 [중층]을 어떻게든 극복(돌파)하는데 성공한 거미 양. 다시 한번 진화를 하면서 1권 초반에 보여주었던 연약한 이미지는 던져버리는 데는 성공했지만, 아직 그녀에게 큰 시련이 남아있었으니..이번 권은 대미궁의 맹자, 지룡 아라바와의 사투가 그녀 앞에 닥쳐오고 이것을 극복하는 일련의 장면을 담았다고 요약할 수 있었다.이와는 별도로 각 챕터마다 나오는 외전 이야기는 처음 읽어서는 쉽사리 다가오지 않았던 점 역시 변하지 않았고.. (외전만 따로 빼서 한번에 읽어야 그나마 상황 파악이 된달까..)",9791127851958
69,"거미입니다만, 문제라도? 03권",4,3,주여니,2019-10-05,지배자가 하나 더 늘었네요. 뭐.. 지금까지는 지배자가 가지는 가치는 그다지 나오지 않았네요. 감정을 방해할 수 있다.. 그정도..이고..스킬을 박탈? 아닌가.. 약화였나.. 그정도였죠.. 일단 주인공은 감정 방해에만 사용했네요. 그리고 이 책을 읽다보면 좀 짜증나는 부분이 있는데.. 주인공 스토리는 잘 이어지고 있습니다. 시간순으로 잘 이어지고 있어요. 그런데 인간의 나라부분쪽으로 나오면 시간순서가 맞지 않습니다. 일단 미궁의 악몽이라는 말이 계속 나왔는데.. 그게 주인공을 뜻한다는 것이 이제야 밝혀졌습니다. 그런데 이때까지 미궁의 악몽은 계속 존재하는 듯이 나왔거든요. 주인공은 이제야 성장했는데요. 즉 주인공의 시간과 인간족의 시간은 맞지 않게 쓰여진것입니다. 인간쪽을 아예 배제할려니 뭔가 허전한가 싶어서 주인공은 어린시절부터 쓰고.. 인간쪽은 성정한 시기부터 쓰다보니 엇박자가 나는 것이죠. 차라리 인간쪽만 따로 뒷부분으로 구성해서 시간별로 나누어 적든지 1권으로 따로 내었으면 더 나았을 것 같다는 생각이 더 듭니다. 시점이 왔다갔다해서 좀 보기가 불편했습니다. 인간나라도 시점이 미래시점에서 주인공 시점으로 이동하는 그런 느낌이었으니까요. 이제는 시간대가 똑같아지기를 빕니다.,9791127851958
70,"거미입니다만, 문제라도? 3권",5,5,루룹,2019-10-05,예전에 처음 읽었을 때는 인간 파트가 너무 재미없고 맥을 끊어놓는 거 같아서 넘기고 거미 파트만 읽었는데 지금 읽으니 생각보다 재밌네요. 후반에 거미 파트에서 드러났던 실상과 연관성을 추측하면서 읽는 재미가 있어요. 인간 파트는 흔한 용사물 같은데 실질적 주인공은 어차피 거미고 슌은 페이크 주인공에 불과하니 네가 그래봤자... 라는 생각도 듭니다. 소피아가 웹연재판보다 빨리 등장했는데 개인적으로 좋아하는 캐릭터라 반갑네요. 앞으로도 많이 등장하기를 바래봅니다.,9791127851958
71,"거미입니다만, 문제라도? 3권",5,5,meltdown000,2017-06-14,과연 거미는 마왕이 된것인가! 혹은 또 독자를 낚으려는 작가의 떡밥인것인가! 라는 생각을 하며 읽었습니다. 이런걸 추측해보는것도 거미입니다만을 읽는 재미중 하나가 아닐까요. 또한 이제 이야기의 진행이 빨라지는 느낌입니다. 드디어 거미가 태어나고 자랐던 엘로 대미궁을 탈출 가능하게 됐습니다. 과연 앞으로는 어떤 행적을 벌일지 기대되지요.거미와 슌 일행의 이야기를 조합해보는것도 재밌었습니다.,9791127851958
72,거미양 이야기 3권,5,5,ParkSsi,2017-05-08,"거미 이야기가 이렇게 재미있을 줄이야...ㅎㅎ결국 3권까지 오게 되었네요 ^^일단은 거미양이 주인공이지만 거미양의 이야기는 언제나 흥미진진지룡과의 결전에서 참...씁쓸하면서도, 기분좋은 감정이 교차했네요...ㅠㅠ용사이야기도 있던데... 처음엔 지루한 부분이었지만, 읽다보면 재밌는 부분을 찾게 됩니다.언젠가 거미양이 용사일행과 만나는 일이 있었으면 하네요이제 거미양이 바깥으로 외출을 하는데 어떤일이 발생할지 궁금합니다!",9791127851958
73,본격 거미 먹방,5,5,왕토끼,2017-03-03,어느 날 갑자기 사망 후 전생 인간이 아니면 먼치킨 마물로 환생하는 게 보통인데 이 환생 자는 거미로 환생 아놔 ㅋㅋㅋㅋ 환생자 거미는 멘탈도 강해서 그 환경에 순응하고 살아갑니다.맛있는? 마물들을 공격하고 사냥해서 맛있게?? 냠냠 먹방하시는 거미님 먹고 경험치를 쌓아서 레벨업 하시는 우리 거미님 먼치킨 소설도 아니고 음 거미 먹방 소설 상당히 독특하고 재미있습니다..,9791127851958
74,공전마도사 후보생의 교관 14,5,5,supermen8704,2020-10-03,"이제 드디어 완결이 났네요. 이번권은 일상편과 끝맺는 이야기가 나오게 되는데요. 미소라 일행이 3명이었을 때의 이야기를 쓴 ""진정한 뉴 레코드"" , 유리 프로스톨이 소설을 쓰는 내용을 담은 이야기와 렉티 아이제나흐가 키우는 병아리(?)와 콘테스트에 나가는 내용, 미소라가 갑자기 머리가 매우 좋아진 이야기, 리코의 부모님이 방문하는 이야기 그리고 저번 권에 끝맺음을 하는 이야기로 구성이 되었습니다.",9791164662104
75,어새신즈 프라이드 외전,5,5,supermen8704,2020-10-03,어새신즈 프라이드 외전입니다. 가끔은 이런 외전도 재미있네요. 외전에서는 애니메이션으로 나와있는 뒷풀이 편과 왕작의 명령으로 그림자 무사 역할을 맡기 위해 성 도트리슈 여학원에 잠입한 쿠퍼의 이야기 등이 재미있었습니다. 그런데 생각보다 노출이 너무 많은 내용이네요 스토리 보다 더 심한것 같기도 하고.. 그래도 스토리는 재미있으니 괜찮겠죠(아마?),9791131993132
76,어새신즈 프라이드 Secret Garden,5,5,ㄱㅎㅅ,2019-01-17,어새신즈 프라이드 Secret Garden을 읽었습니다. 어새신즈 프라이드의 외전이면서 본편과는 크게 관계 없는 일상 스토리들이 담겨있습니다. 저는 사실 이런 번외적인 스토리들을 좋아합니다. 특히 어새신즈 프라이드는 주인공 메리다와 쿠퍼에게 항상 힘든 시련이 다가오고 분위기가 심각할 때가 많아서 이런 걱정 없이 볼 수 있는 에피소드로 엮인 단편집은 재밌었던 것 같습니다.,9791131993132
77,성왕국 공략기~,5,5,도마뱀,2020-10-03,1년이 지나서 후기를 작성하네요.. 성왕국 공략기 내용인데 너무 재미있었네요..괴물도도 많이 나오고 성기사도 나오고 성기사 화려한 기술들도 나오는데역시 주인공 사용하는 마법에 비하면 아우것도 아니지만 .성왕국이 망하면서 성기사가 굽신거리면서 마도왕한테 도움을 요청하로 가는 내용도 있는것 같은데그러면서 마도국이 어떻게 언데드을 이용해서 나라를 발전시키는 내용도 나오고저는 이런 느낌이 좋아요 나라성장물 ... 시간있으면 다시 한번 읽어 봐야하는데...요즘은 Youtube나 읽은 컨텐츠가 아닌걸 자꾸 멍하게 보고 있는거 보니깐.. 조금 안되겠다는 생각이 드내요. ㅎ,9791131989067
78,오버로드 13,5,5,말랑카우,2020-09-07,"종이 책으로 읽었었지만, 14권이 나온 기념으로 한번 더 읽기 위해 구입했습니다.성왕국에서 이야기가 계속되는데, 속이는 사람은 있는데 속는 사람은 없는 이상한 이야기입니다.아인즈의 성왕국 종자인 네이아 바라하가 시점으로 전개되는 장면이 많습니다.과연 마도국이 성왕국에 마황 얄다바오트를 무찔러 줄지,!!그리고 드래곤볼을 모으는 레메디오스 커스토디오는 어떻게 될지.재미있게 잘 봤습니다.",9791131989067
79,오버로드 13,5,5,노바스코샤,2020-08-11,농밀하고 재밌습니다. 오버로드는 역시 이번에도 즐겁군요. 아인즈의 의도와는 다르게 종교가 만들어지는 그 양상도 재미있구요. 다음 권에서는 어떤 좌충우돌하는 전개를 볼 수 있을지 벌써부터 기대가 됩니다. 그리고 이번 권에서는 시즈의 귀여운 모습이 많이 묘사된 점이 좋았습니다.  시즈 귀여워요 시즈. 그리고 허둥지둥하는 아인즈도 귀여워요 아인즈. 다음 권 기대하겠습니다.,9791131989067
80,만족,5,5,유효상,2019-12-29,책 관리가 어려워 이북으로 구매하여 읽어주기 기능으로 편하게 감상하였습니다.책 기다릴 필요도 없고 잃어버릴 걱정도 없어서 좋습니다.자동 읽기를 하면 아쉽게도 일러스트는 놓쳐버리니 천천히 읽는 것도 좋습니다.상하여백을 없이 설정하고 읽으면 좋습니다.이동 중에 이어폰으로 감상하는 것도 좋습니다.만족합니다.오버로드 소설을 좋아하기에 계속 읽으려고 합니다.,9791131989067
81,반 정도 읽었습니다.,4,5,coding3,2019-12-20,"반 정도 읽었습니다. 오버로드를 평소 애독하기에 13권도 샀습니다만, 중간에 아인즈의 죽음에 대해 나옵니다. 그것을 각각의 인물들이 어떻게 생각하고 나아가는지 잘 보여준다고 생각합니다. 다만 너무 편중되어 있는 것은 아닌지 생각이 듭니다. 언제나 그랬듯 주인공은 비슷하게 생각하지만 주위가 큰 파장을 만들어 스스로 돌아가는 것을 보면 주인공이 정말 범인이 맞는지 의심하게 됩니다.",9791131989067
82,이야기의 개연성,4,3,마리마린,2019-01-28,"작품의 전체적인 분위기를 잘 살리면서도 무척 박진감 있게 스토리를 만들어 가기란 쉬운 일이 아닙니다. 특히 분량이 많아지는 장편 라이트노벨이 될 경우에는 그런 부분의 장점을 살리기란 더욱 힘들어 집니다. 그런데 이번에 읽은 오버로드 13권 성왕국의 성기사(下)를 읽으며 이 작품은 전반적으로 분위기를 잘 유지하면서도 치밀하게 스토리를 구성해 독자들에게 무척 흥미를 유지할 수 있는 작품의 힘을 가지고 있다는 생각을 하게 만들었습니다.특히 에피소드가 상하로 나누어 질 만큼 긴 이야기가 되었지만 치밀하게 이야기를 구성하여 한시라도 작품에서 눈을 땔 수 없도록 만드는 흡입력은 무척 돋보이는 부분이었다고 생각합니다.이렇게 복잡한 구조의 에피소드를 전개하는 것은 쉬운 일이 아닙니다. 그만큼 작가가 신경 써야 할 부분들도 많고 앞뒤의 개연성을 맞추기는 쉽지가 않기 때문입니다. 이번 오버로드 13권 성왕국의 성기사(下)는 다른 부분을 제외하고 이야기의 구성 면에서 무척 돋보였던 내용이었습니다. 지난 권에서 너무 사건을 크게 만드는 것은 아닌가 생각을 했고 과연 적절하게 마무리를 지을 수 있을 것인가 의문이 드는 전개였는데 작은 복선까지 철저하게 잘 회수하면서 매끄럽게 마무리를 이번 13권에서 지었기에 더욱 만족감을 느낄 수 있지 않았나 생각합니다.재미있게 읽고 있는 시리즈 오버로드인데 점점 세계관이 확장되고 주인공 세력이 커지면서 앞으로의 전개가 어떤 방향으로 이어질지 궁금해지게 만듭니다.얼른 다음 권을 읽고 싶도록 만드는 작품, 오버로드 13권 성왕국의 성기사(下)이었습니다.",9791131989067
83,오버로드 13,5,5,불타는오우거,2018-10-30,12권 읽고 오랜 기다림 끝에 나온 13권!!! 그 사이에 많은 생각 할 수 있는 시간이 즐거우면서도 애가 탔다... 12권 마지막에 루프스레기나가 말한 아인즈의 죽음은 누구를 낚으려는 것인가아인즈는 성왕국에서 어떻게 마무리를 지을 것인가.아인들은 어떻게 처리할 것인가성왕녀는 부활시킬것인가 등 생각했던 부분들이 풀려서 더 재미있었다.본인이 즐기려는 행동을 했을때 오는 결과를 지켜보는것과 수호자들의 반응이 가장 재미있는거 같다.,9791131989067
84,오버로드 13,5,5,ㄱㅎㅅ,2018-10-22,"오버로드 13권을 읽었습니다. 12권에서 이어진 성왕국편이 끝났습니다. 결과적으로 성왕국은 아인들의 침공을 이겨냈지만, 그 공적이 아인즈에게 돌아가고, 성왕국 내부에서 종교적인 신으로 모실정도로 영향이 남았습니다. 세상에 모습을 드러낸 뒤에 9권에서는 왕국, 10권에서 제국, 11권에서 드워프왕국에 이어서 12,13권에서는 성왕국을 무력화시켰는데요, 다음에 새롭게 등장할 곳은 어디인지 기대가 됩니다.",9791131989067
85,벨로아 궁정일기 4,5,5,dflfda,2020-10-02,"이 작가님 소설은 세 작품 모두 읽었습니다.먼저 제 취향의 키워드인 유랑화사, 반월당의 기묘한 이야기를 읽었습니다.그리고 작가님께 반했죠.그리고 읽게된 이 벨로아 궁정일기.솔직히 책소개만 봤을땐 전혀 끌리지 않았거든요.궁정이나 정치이야기가 취향이 아니라서요.그래도 작가님 믿고 읽었는데 역시나.취향위에 필력인거 맞습니다.정치이야기도 복잡하지않게 작가님 특유의 유머러스함이 있어 진짜 신기할정도로 재밌게 읽었답니다.거기다 이 작가님 소설이 옵니버스식으로 진행되는 사건이 많아서 그만큼 등장인물도 많은데 다 매력있어요.현실에 존재할것 같은 인물이고 알고보면 그닥 곱지않은 캐릭임에도 애정을 느끼게 됩니다.모두 긴 장편임에도 엔딩이 몹시 아쉽게 느껴지는 공통점도 있군요. 이제 더이상 읽을게 없다는게 슬프네요.",9791131978672
86,벨로아 궁정일기 4 (완결),5,5,AKAZUKIRAN,2018-12-24,벨로아 궁정일기 4 (완결) 정연작가님의 벨로아 궁정일기 4 (완결)입니다. 정연작가님은 시작부터 끝까지 이야기를 관통하는 힘이 좋으시고 뒷심이 좋아서 마지막까지 이야기가 옆으로 새지 않고 똑바로 하고자 하는 주제를 끌고가는 점이 큰 장점이라고 생각합니다. 마지막 마침표까지 안성맞춤의 완결권이었습니다. 어떻게 이야기가 흘러가고 끝맺을 할지 궁금했는데 만족스러워요.,9791131978672
87,벨로아 궁정일기 4권,5,5,p군,2018-08-26,"좀 더 연재를 했으면 어땠을까하는 아쉬움과 여운이 강하게 남는 멋진 마무리 사이에서 갈등을 하게 만들었던 이번 4권이었다. 이번 권은 특히 표지 일러스트부터 상당히 괜찮게 다가왔고, 내지 삽화들도 마지막 권이라 그런지 퀄리티가 묘하게 좋게 느껴졌다. 내용 자체도 흠잡을 수 없었고 특히 마지막 챕터와 에필로그로 이어지는 일련의 흐름이 상당히 좋았다. 이제 정연 작가 중에서 아직 전자책이 안나온 작품은 반월당 시리즈인데... 이것도 근자에 나와주었으면 좋겠다.",9791131978672
88,벨로아 궁정일기 3,5,5,dflfda,2020-10-02,궁정은 요정국에 사절단으로 보낼 인물선정에 고심한다.재상의 권유로 데그 역시 지원하기로 한다.아버지가 20년전 나라를 위해 큰 일을 했으니 자신 역시 해내고 싶다.딱히 다른 후보자가 있는게 아니라 데그로 기우는데 갑작스레 코체르공주가 지원해 버린다.둘은 투표로 가리기로 하지만 공주를 향한 국민들의 관심과 그녀의 재력을 당해낼수는 없었다.고심하던 데그는 마녀 베르밀다에게 받은 사랑의 묘약을 그녀에게 쓰기로 한다.마법을 이용해 사람의 마음을 이용하는건 비겁한 짓이다.하지만 자신은 꼭 이겨야한다.무슨 짓을 해서라도!,9791131978665
89,벨로아 궁정일기 3,5,5,AKAZUKIRAN,2018-12-20,"벨로아 궁정일기 3 정연작가님의 벨로아 궁정일기 3권입니다. 촌구석이나 다름없는 곳에 위치한 스카스티아 공작가의 후계자 데그가 집에서 가출해서 벨로아에서 벌어지는 온갖 우여곡절을 처리해나가며 재상 각하의 비서관이자 어엿한 궁정인으로 인정받는 나날을 겪어 나가는ㄴ 내용은 여전합니다. 사냥대회 에피소드, 사랑의 묘약 에피소드가 인상적이었습니다. 3권에서도 데그는 여전히 치이느라 바쁘네요.",9791131978665
90,벨로아 궁정일기 3,5,5,_-wakasa-_,2018-11-07,일단... 내가 무척 좋아하는 작가라 구입하게 괸 책이다.원본(?)이랄까...카카오페이지에서 먼저 전문(?)을 보고작가에 대한 의리(?)로 책을 샀다.사람마다 취향을 타겠지만 일단 책의 성향은 정치풍자이다.우리나라의 정치풍자 느낌은 적지만충분히 있을수 있을 법한 이야기를동물(?)들의 세상에 역어서 쓴 글로생각없이 보면 재미없고생각있게 보면 재밌다.강추까진 아니여도 볼만하다.,9791131978665
91,벨로아 궁정일기 3권,5,5,p군,2018-08-25,"정연 작가의 작품 중 처음으로 전자책으로 출간된 첫번째 도서인 벨로아 궁정일기도 어느덧 3권까지 나왔다. 이번 권에서도 데그의 고생길을 여전했고, 지난 권에서도 언급했지만 벨로아가 이 지경임에도 어떻게 굴러가는지 참 신기하다는 생각이 자꾸만 들었던 것이 이번 권을 보면서도 여전했다고 해야 할까.. 개인적으로는 첫 번째와 다섯 번째 에피소드를 가장 재미있었던 부분으로 쳐주고 싶었고, 꼭 한번 읽어보기를 권하고 싶다. (여기에 삽화도 꽤 괜찮았달까..)",9791131978665
92,벨로아 궁정일기 2,5,5,dflfda,2020-10-02,'대마법사 아스파렐'이 위중한 가운데 그의 거액의 재산이 화제가 된다.마법도 엉망이고 머리도 나쁜 그가 대마법사라는 칭호를 얻은 이유는 단 하나다.바로 투기.그가 사들이는 땅이나 투자는 모두 대성공을 한 것이다.그러나 대부호가 된 이후에도 징역살이를 하는 불운의 인물이었다.아무튼 가족이 없는 그가 죽으면 그 많은 재산은 국가에 귀속되는것이다.그런데 난데없이 그의 조카 며느리라며 한 여자가 나타난다.,9791131978658
93,벨로아 궁정일기 2,5,5,AKAZUKIRAN,2018-12-20,벨로아 궁정일기 2 정연님의 벨로아 궁정일기 2권 입니다. 데그가 재상의 비서가 되면서 그가 겪고 보게되는 정치가 인상적입니다. 정치풍자나 궁정의 분위기 그리고 문체가 상당히 이국적이라는 생각을 하게 됩니다. 국내작가의 소설이라기보다는 좀더 영미도서에 가까운 문체라고 할까요. 어떻게 보면 번역된 판타지 도서를 읽는 것 같은 느낌을 받게되기도 하네요. 그게 정연작가님의 특징이라고 생각합니다.,9791131978658
94,벨로아 궁정일기 2,5,5,_-wakasa-_,2018-11-07,벨로아 궁정일기 2권일단... 내가 무척 좋아하는 작가라 구입하게 괸 책이다.원본(?)이랄까...카카오페이지에서 먼저 전문(?)을 보고작가에 대한 의리(?)로 책을 샀다.사람마다 취향을 타겠지만 일단 책의 성향은 정치풍자이다.우리나라의 정치풍자 느낌은 적지만충분히 있을수 있을 법한 이야기를동물(?)들의 세상에 역어서 쓴 글로생각없이 보면 재미없고생각있게 보면 재밌다.강추까진 아니여도 볼만하다.,9791131978658
95,벨로아 궁정일기 2권,5,5,p군,2018-08-22,앞선 1권이 재미있었다는 점-막장 국가나 다름없는 벨로아가 어찌어찌 목숨을 부지하고 있는 일련의 모습이 상당히 코믹스러우면서도 리얼하게 와닿았다-과 정연 작가가 출간한 작품 중 삽화가 포함되어 있다는 점 때문에 이번 권도 고민없이 구매하게 되었고.. 이번 권에서 나오는 여섯 편의 에피소드를 보면서 벨로아가 현자 꼴이 어떻고 이것을 어떤 방법을 통해 버텨 가고 있는지 대략적이나마 느낄 수 있었다. 그 와중에 머리를 싸매며 고뇌하는 데그의 모습이 자꾸만 연상되는 건 어째서인지...,9791131978658
96,벨로아 궁정일기 1,5,5,dflfda,2020-10-02,"다미아그 디엔 스카스티아.유서깊은 공작가를 물려받을 도련님이지만 그는 현실이 그저 못마땅할뿐이다.사건사고도 없이 그저 심심한 칼미야의 생활.이런 시골 한구석이 무에좋단 말인가.그는 끝없이 수도를 동경한다,화려하고 우아한 그곳,그중 제일은 재상이었다.겨우 32세의 나이에 재상에 오른 인물.데그는 재상의 저택과 재상의 주변인들을 만나는 상상을 하며 매일을 지낸다,그러던 어느날 신문에서 재상의 개인비서관을 뽑는다는 공고를 보게된다.그는 즉시 가출을 결싱하고 감행한다.",9791131978641
97,벨로아 궁정일기1,4,4,키키미,2019-01-31,"추천받아 보게 된 글이에요. 판타지 소설이 쭉 읽고 싶었는데 요즘 판타지나 남성향은 싫고, 예전에 읽었던 글과 비슷한 느낌을 가진 글을 읽고 싶었거든요. 엄청 무겁지도 않고, 그렇다고 날아갈 듯 가볍지도 않은 글인 것 같아요. 어디 추천 글에서 취업판타지라고 표현한 걸 봤는데 맞는 것 같아요 ㅋㅋ 사랑도 없어도 되고 주인공이 열심히 사는 글 좋아하는데 딱 맞는 것 같아요. 아쉬운 부분도 읽지만 재미있게 읽었습니다~",9791131978641
98,벨로아 궁정일기 1,5,5,AKAZUKIRAN,2018-12-19,"벨로아 궁정일기 1 정연님의 벨로아 궁정일기 1권 입니다. 처음에는 진입장벽이 느껴져서 볼까 말까 망설였는데 첫권 첫페이지를 넘기면서부터 흡입력이 있고 매력적입니다. 정연님의 글은 항상 재치있어서 읽는 재미가 있어요. 등장인물 캐릭터들간의 티키타카도 좋고, 다들 평범에서 약간씩 틀어놓은 인물들이라서 익숙한데 새로운 느낌을 주는게 매력이라고 생각합니다. 정치풍자도 매력있네요.",9791131978641
99,벨로아 궁정일기 1권,5,5,p군,2018-06-29,"지금까지 노블엔진 팝에서 나온 정연 작가 작품 중에서 처음으로 전자책으로 출간된 시리즈가 되겠다. 다른 두 개의 작품도 근자에는 한꺼번에 출간되지 않을까 싶은 기대감이 그래서 자꾸만 생긴달까. (제발 나와주었으면 좋겠다)노블엔진 팝 치고는 삽화가 있던 것이 의외였지만, 전반적으로 정연 작가 특유의 시니컬함과 유머스러움을 동시에 느낄 수 있었던 작품이지 않았나 싶었다. 무엇보다 [정치]라는 소재를 이렇게까지 표현할 수 있다는 점에 존경심을 가질 정도였으니... (그래서 다음 권도 기대가 된다)",9791131978641
100,감동적인 프롤로그,5,5,kardos04,2020-09-30,"변경의 팔라딘 1권입니다.우선 이 책은 더이상 나올 생각 없는 책입니다. 작가가 이미 못 쓰겠다고 올렸고 3년 이상 웹, 서적 모두 나오지 않고 있으니 말이죠. 최근에 만화가 나오기는 하지만 중간에 끊기겠죠.우선 이 책은 1권이 프롤로그임에도 대작입니다. 매우 감동적이었습니다. 200년 전 상왕 전투 당시의 세 영웅의 자식이자 손자인 윌리엄이 주인공인데요. 전생물임에도 딱히 전생 특전 등이 없는 묵직한 느낌을 주는 작품이었습니다. 특히 마지막 부분이 감동적이라... 라노벨 중 이런 감동적인 대작을 찾기는 쉽지 않은데 좋았네요.제가 알기로는 1, 2, 3 상 하는 각각 스토리가 딱딱 끊겨서 중단되었지만 읽어도 좋다고 생각되네요.",9791131975176
101,변경의 팔라딘 1,4,4,레모나산,2020-04-07,다른 작가의 다른 책 얘기해도 되나요? 망겜의 성기사 보다가 비슷한 계열이라길래 추천받아서 샀습니다. 1권 읽고 나머지 사야지 했는데 심야쿠폰이 무협 로맨스 라노벨을 폐지했네요 또르르륵....어쨌든 나중에 또 살것 같고요 완결 나기 전까지는 조금 사는걸 관둬야하나 싶은 그런 뭐...그런 책입니다. 이런 라이트노벨의 특성상 완결나기까지 좀 기다려야 할 것 같긴 하네요,9791131975176
102,멋진 작품이에요,5,5,zangief,2020-02-06,책장이 다 차버리지만 않았다면 서적으로 소장하고 싶을 정도의 작품입니다작품을 접했던 분들의 평가가 하나같이 좋아서 기대를 조금 가지고 구매해봤는데 뛰어난 문장구사력 덕분에 주인공에 대한 감정이입이 이렇게 잘되기는 처음 이었네요 !윌리엄 G. 마리브래드는 느긋한 성장형의 주인공이면서도 빠른 전개속에서 오직 하나의 신념으로의지를 관철시켜나가는 전형적인 영웅다운 모습이 정말 큰 매력이라고 생각합니다앞으로의 행보가 기대가 되는 작품입니다 ^-^,9791131975176
103,변경의 팔라딘 1권,5,5,p군,2018-08-19,"종이책으로 구매하자니 가격이 만만치 않아 반쯤 포기했던 차에 이렇게 전자책으로 출간이 된 아주 고마운 시리즈 중 하나였다. 여하튼 이 작품에 관심을 갖게 된 계기는 작중 남주 주변에 있는 자들이 하나같이 언데드라는 것과 이 작품에서 풍기는 분위기 때문이었다. 일단 이번 권은 이 시리즈의 프롤로그 성격이 강했기에 다음 권까지 이어서 볼 것을 권하고 싶었고, 무엇보다 남주가 걷게 될 이 길이 어떨지 매우 관심이 가졌다.",9791131975176
104,초속 5센티미터,5,5,욱,2020-10-04,신카이 마코토 작가님의 작품인 초속 5센티미터(출판사:NT노벨)를 읽고 쓰는 리뷰입니다. 애니메이션을 인상깊게 보고 나서 책도 찾아 읽어보게 되었습니다. 이미 한차례 본 작품이라 알고 있던 이야기지만 애니메이션에서는 미처 볼수 없었던 인물들의 심리 묘사나 감정들을 책에서는 볼수 있어서 좋았던것 같아요. 담담한 문체여서 더 여운이 남는것 같기도 하구요. 잘 읽었습니다.,18446744073709551615
105,초속 5센티미터,4,4,귀뚤이,2018-10-01,"신카이 마코토 애니메이션 중 가장 좋아하는 작품이라 기대가 컸다. <별의 목소리>에 비해 가독성이 좋고, 번역도 훨씬 나은 것 같다. 영화에서는 짧게 스쳐 지나가듯 언급되었던 타카키의 ‘연애의 실패 여정’이 비교적 자세히 언급되면서 타카키의 감정을 조금 더 밀도있게 이해할 수 있었다. 또한 같은 과거의 풋사랑을 공유하고 있음에도 그것은 나의 일부라 칭하고 새 사랑을 가꾸어 나가는 아카리와 매듭짓지 못한 감정을 질질 끌고 전 연인들에게 상처를 주는 타카키의 모습이 명확하게 대조되는 모습을 영화보다 자세히 볼 수 있었다.",18446744073709551615
106,초속 5센티미터,5,4,선,2018-05-07,"1인 제작 애니메이션을 만드는 것으로 유명한 일본 감독의 작품이다.애니메이션을 먼저 봤기 때문에 소설로 읽는 것이 신선하게 다가오진 않는다.원작 애니에서 보았던 아련하고 아름다운 풍경들, 그러면서도 현실적으로 묘사된 일상과 익숙한 정경들이 소설을 읽는 동안 계속 머릿속에서 그려진다.확 끌어당기는 신선함은 아니더라도 애니에서 느꼈던 서성적인 묘사들로 인해 읽는 내내 풍성한 감정이 느껴지는 듯하다.",18446744073709551615
107,생각하게 만드는 소설,5,5,rosydew80,2017-12-14,"'너의 이름은'에 이어서 구매한 두번째 신카이마코토의 소설이다.'초속 5센티미터'도 애니메이션이 원작인 소설로, 개인적인 차이점이라면 '너의 이름은'은 애니메이션을 뭔서 보았고, '초속 5센티미터'는 아직 애니메이션을 보기전이다. 내용은 한소녀와 소년의 초등학생 시절부터 성인이되는 시점까지의 성장을 그린 소설이다.굳이 말하자면 소년이 주인공이다. 여러 사람의 시점에서 내용이 진행되긴 하지만 말이다.그리고 주인공은 현대사회의 어른(성인).. 몸은 어른이지만 아직 미성숙한.. 그런 사람들은 대변하는 것이 아닐까한다. 이제 애니메이션을 구해서 감상해봐야겠다.",18446744073709551615
108,초속 5센티미터,5,5,수시로,2017-11-12,"흔히 우리가 말하는 ""첫사랑은 이루어지지 않는다"" 라는 말들을 많이 한다.이 작품을 이 한마디로 말할 수 있을거 같다.감동과 아쉬움이 교차하는... 현실에서는 다른 남자와 결혼을 준비하고 있는 아카리 ,회사까지 그만두고 방황하고 있는 타카키 이루어질 수 없는 첫사랑의 아쉬움!!!!우리 모두 첫사랑을 많이 기억하고, 지나친 경험들이 있지 않는가...그리운 그시절 순수했던 어린시절지금은 변해버린 내모습에 눈물이 조금은 흐른다.",18446744073709551615
109,아련한 추억이 흐르는 속도. 초속 5센티미터,5,5,scrupulous,2012-01-28,"나와 아카리는 그 무렵 여러 가지 일을 알고 있었다. 계절마다 별자리의 위치도 알고 있었고 목성이 어느 방향에서 어느 밝기로 보이는지도 기억하고 있었다. 하늘이 파랗게 보이는 이유도, 지구에 계절이 있는 이유도, 네안데르탈인이 자취를 감춘 시기도, 캄브리아기에 사라진 종의 이름도 알고 있었다. 우리는 우리보다 훨씬 크고 멀리 있는 모든 것에 강한 동정을 품고 있었다. 지금은 그런 일들의 대부분을 잊어버렸지만. 지금에 와서는 그저 예전에 알고 있었다라는 사실을 기억할 뿐이지만. p. 12
  
소싯적, 따지고 보면 그리 오래 되지도 않은 먼 옛날, 이루어질 수 없다는 것을 알면서도 설레임을 안고 짝사랑을 해 본 적도 있고 돌이켜보면 자잘한 실수와 순간의 선택들이 관계를 결정지어 버렸다는 아쉬움도 들 때가 있다. 무서운 것은 망각이다. 결코 끝나지 않을 것만 같았던 소년기와 사춘기를 지나면서 사람은 성장하기 마련이고, 인생의 리듬은 벚꽃이 떨어지는 스피드인 초속 5센티미터에서 때로는 비가 내리는 초속 5미터로, 때로는 트레일러를 운반하는 시속 5킬로미터로 변화한다. 그러다 문득 본래 페이스를 잃어버렸다는 사실을 깨닫게 되면 자리에 멈춰 서서 방황한다. 다시 벚꽃이 초속 5센티미터로 춤추는 계절이 올 때까지 말이다.
  
본 소설은 저자 신카이 마코토가 제작한 동명의 애니메이션을 소설화한 작품이다. 원작은 사실적인 배경 작화와 서정적인 분위기가 돋보이는 작품인데, 본래 문학전공인 신카이가 소설판으로 출간한 것이다. 일본 작품 중에는 글에서 스크린으로 혹은 그 반대로 매체를 옮겨가면서 원작의 이미지를 깎아먹는 예를 많이 봐 왔기에 반신반의하며 구매한 책인데, 소설 『초속 5센티미터』는 원작의 서정적이고 은은한 분위기를 그대로 옮겨왔다는 생각이 든다. 하기야 원작 감독이 직접 집필한 책이니 당연한 것인지도 모르겠다.
  
원작 애니메이션을 보며 깊은 감명을 받았기 때문에 책을 읽는 내내 마음속으로 원작과 비교해가면서 읽었는데, 원작에서 독백으로 소화한 장면들이 소설에서는 거의 빠짐없이 내레이션으로 이식되었다 (사실 원작에서는 대사보다 독백이 더 많을 정도로 적극적으로 활용된다). 또한 배경이나 사운드 이펙트 등도 빠짐없이 글로 설명되기에 원작에서는 쉽게 지나치는 장면들이 조금 더 자세하게 나온다는 느낌이 든다. 원작의 장면을 빠뜨린 부분도 있지만 그보다는 추가적으로 자세한 설명을 더한 부분이 상대적으로 더 많다. 가령 본 글의 첫 부분에 인용한 구절도 원작에서는 은은하게 암시가 될 뿐 직접적인 언급은 없다. 소설은 원작과 같이 세 파트로 나뉘어져 있는데, 원작에서는 은유적인 장면 전환과 엔딩 크레딧으로 대부분을 설명하는 세 번째 파트가 책에서는 훨씬 자세하게 설명된다. 
  
대체로 원작을 본 사람이라면 원작에서의 장면들이 이러이러한 설정을 염두로 두고 만들었구나 하며 고개를 끄덕일만하고, 원작을 보지 않은 사람이라도 ‘책’이라는 매체에 알맞게 충분한 설명으로 개연성을 부여한 것 같다. 같은 이야기이지만 원작과는 또 다른 매력이 있다. 저자의 후기에 의하면 상호보완적이라고 한다. 물론 어느 쪽이든 아련한 감성을 자극하는 건 같다.",18446744073709551615
110,신카이 마코토 초속 5cm리뷰,5,5,jwasj517,2010-05-12,"아.. 



다 읽고 난 처음의 생각이었다. 

읽기 전에 아직 보지 않았다면 이것을 볼 것을 다시 생각해 보길 바란다. 




난 극장 판이라는 이름의 애니를 정말 좋아한다. 보통 원작이 없는 경우가 많기 때문에 길게 끌지도 그렇다고 생략하는 느낌도 전혀 없이 그 작품 자체에 집중할 수 있게 해주기 때문이다. 초속 5cm과 별의 목소리, 그리고 구름의 저편 약속의 장소.. 

모두 신카이 마코토의 작품으로 조금 가슴 아픈 사랑 내용인 경우가 많다. 

그 중에 초속 5cm은 애니는 직접 DVD를 사기 전까지는 볼 생각이 없는 작품이었는데, 우연히 책을 얻어 볼 기회가 생겨서 지금 이렇게 리뷰를 써보고 있다. 

전에 다른 사람이 쓴 리뷰를 흘겨 읽은 적이 있었으나 내용을 모르고 마지막 내용만 말해서 잘 이해가 안간 상태였지만, 다 읽고 나니 어떤 느낌인지 잘 알겠다. 

이 작품은 3가지 파트로 나뉘어져 있고, 각각 다른 시점으로 표현되어, 1장에서는 토노 타카키의 어린 시절의 시점으로 좋아하는 시노하라 아카리와의 추억 그리고 전학으로 인한 헤어짐 그리고 서로가 좋아함을 느끼고 첫 키스를 나누는 장면이 나온다. 하지만 그 후 타카키는 규슈 본섬과 떨어진 타네가시마섬으로 가게 된다. 

그리고 2장에서는 토노를 좋아하는 스미다의 시점으로 전학 온 시점부터 좋아하던 토노와 고3의 시절을 단편적으로 그려내는 장면이다. 토노에게 자신의 마음을 재대로 전하지 못하고 토노가 메일을 하는 걸 보고 자신과 하면 얼마나 좋을까? 같은 생각을 하며 멀지도 가깝지도 않은 사이를 유지하면서 결국 토노가 도쿄로 가게 되어 헤어지게 되고 마지막에 작은 고백으로 마음을 정리한다. 

마지막 3장에서는 10년 정도가 지나 토노 타카키의 대학시절의 이야기와 사회에 나가 직업을 갖고, 3명의 여자와의 사귐과 헤어짐을 반복하고 옛날 기억을 회상하면서 아카리와의 기억을 기억하게 되고, 우연히 철도에서 만나지만 서로 슬금 보기만 할 뿐 말을 걸지도 아는 척을 하지도 않을 채 앞으로 나아가게 된다. 

결말 부분 떨어지는 벚꽃 아래에서 다시 만난 두 사람의 심경은 앞으로 나아간다. 라는 단 한 생각 뿐 이었을까? 그들은 15년 이란 긴 세월동안 서로에 대해 잊어버리고 살아간다. 읽으면서 세월이라는 것은 추억과 기억을 지워버리는 무서운 존재라는 걸 확실하게 인식시켰다. 나도 옛날의 기억은 거의 기억하는 게 없지만 읽어가면서 너무 슬픈 나머지 눈물이 나올 걸 참으면서 읽었다.(낼 수 없었던 건 가족이 바로 옆에서 있었기 때문에) 
1부 마지막에 헤어지면서 

“ 타카키는 앞으로도 괜찮을 거라고 생각해 분명히!” 

라는 대사가 있다. 나는 왜 그 대사부분에서 가슴이 찡해지는 느낌을 받았는지 읽는 동안에는 잘 몰랐다. 하지만 읽어나갈수록 그 의도를 알았달 까. 그 의미를 앎으로써 더욱더 슬픈 느낌이 들었다. 둘은 그 이후로 더 이상 만나는 일이 없어졌고, 그건 헤어짐의 의미로 쓰였다고 생각한다(만든 사람이 아니니까 확실하게 단정할 순 없지만). 

신카이 마코토 작품은 애절한 내용이 많다. 앞에서도 이야기했지만 그 구성력과 진행력이 정말 대단하다고 생각한다. 

이 책은 애니를 좋아하는 사람이라면 반드시 읽어야 된다. 라고 

난 책만으로도 만족해서 애니는 볼 생각이 없다. 모두 한번 읽어 봐라. 만족이라는 걸 느끼게 될 것이다. 

完",18446744073709551615
111,초속 5센티미터. 미래에서 과거로 과거에서 현재로 부딪혀 오는 감정의 속도,5,5,SP,2010-06-15,"몇 년 전, <초속 5센티미터> 라는 제목의 일본 애니메이션이 극장가에서 개봉했던 기억이 난다. 당시에 즐겨보던 영화 잡지 같은데서 이 애니메이션(이하 5cm/s)의 감독 신카이 마코토에 대해 다룬 기사가 많았던거 같은데, 그만큼 나름 반향이 컸던 작품이었던것 같다. 심지어 대학 1학년때 교양 과목으로 들었던 한 과목에서는, 같은 감독의 다른 작품 <구름의 저편, 약속의 장소>라는 애니메이션을 주제로 교수님의 열성적인 주재로 감상과 토론 수업(작품의 소재는, 평행우주.)을 했던 기억이 남아있을 정도니, 감독 이름 만큼은 머리 속에 남아있게 됐다. 그 작품 '구름'은 비행기를 타고 하늘을 나는 장면이 있었는데, 인상적이었다. 비행기를 타고 날으며 보게되는, 석양의 빛을 그렇게나  사실적으로 묘사한 애니 영상은 그 이후로도 보지 못했을 정도로, 빛의 묘사가 일품이었다고 기억되는 작품이었다. 헌데, 이 감독의 대표작은 <초속 5센티미터>인 모양인데, 강의 과제와 토론으로 '구름'을 접한 뒤에는, 기억의 저편으로 날려버려서, 5cm/s에 대한 감상의 여유는 오늘날까지 미루고 있었다. 그랬는데, 나의 문화 후원자이신 '이케부쿠로 저녁 10시 방황녀♡'께서 필히 권하여 주신고로, 4,5년의 세월 뒤에 다시 조우하게 되었다. 허나, 이번에는 애니가 아닌, 소설의 형식이다.
 
 줄거리는 단순하다. 초등학교 때 부터 어울려 다니던 소년과 소녀가 중학생이 되면서 서로 떨어지게 되고, 그 좋아하는 마음은 순애보적으로 고등학생을 거쳐 어른이 되고, 서른이 되는 15년 후에도 간직되지만, 그 둘의 관계는 행복하게 유지 되지 못하고, 아픔을 동반한 떠올림(기억, 추억)으로 자극한다는 내용이다. 이런 '이루지 못한 (첫)사랑'을 다룬 얼개는 십대를 거쳐, 이십 대 후반, 서른이 된 성인 남여의 공통된 인생 경험이 아닐까. 소설 5cm/s에서는 소년과 소녀의 이야기를 1화에서, 그들이 떨어지게 되고 난 후 소년의 모습을 2화에서, 어른이 되고 '그 애'를 '그 또는 그녀'로 회상하며 그리워하는 모습을 3화에서 보여준다. 백미는 1화에서, 아주 멀리 떨어지기 전에, 아카리(여 주인공)를 만나러 가는 타카기(남 주인공)의 하룻밤(어머나.?!)을 다룬 장면이다. 눈이 내리는 바람에 만나기로 한 시간보다 4시간이나 훌쩍 지난 뒤에야 약속 장소에 도착한 소년은. 늦은 밤 11시까지 기다려준 소녀를 발견한다. 소녀는 소년을 위한 도시락을 싸 왔고, 소년을 보자마자 울음을 터트린다. 석유 난로의 열기와 기다림 받은 시간이 섞인 따뜻하고 맛난 도시락. 소녀는 소년에게 편지로 얘기했던 벚나무아래에서 인생의 첫 키스를 하게 된다. 그리고 그 옆의 오두막에서 밤새도록... 그간 못 다한 이야기를 나누었다. 그리고 그게 둘의 마지막 순간이며, 15년 뒤까지도 가장 특별했던 일이 된다. 어른이 된 아카리와 타카기의 현재 모습은 그 둘이 주고 받을 수 있었던 편지의 다짐대로 현실화 된 면도 있고, 어긋나 버린 면도 있더라.
 
 권말의 작가 후기에 보면, 2007년에 애니가 개봉하고 나서, 틈틈히 자기 영화를 소설화 해서 써 두었던것을 책으로 내었다고 한다. 그렇다는 말은, 영상에서 다 하지 못한 말을, 글로써 전하고자 했다는 말이라고 판단한 나는, 책을 다 읽고 영상을 보았다. 상호 보완적일 것이라는 작가(감독)의 말 처럼, 확실히 소설과 애니의 상호 보완이 어떤식으로 작용하는지 구경하는 경험이 되었다. 세상에 나오기는 애니가 먼저 나오고, 그 다음에 소설이 나온 격인데, 두 형식의 5cm/s를 다 본 지금의 나의 감상은, 애니가 소설을 보조한다라는 느낌이랄까. 감독이 영상을 만들면서, 표현의 한계를 느껴 아쉬워 했구나 하는걸 느낄 수 있었다. 그래서 소설은 묘사의 부연이 많은 편이다. 그러니까 나는 소설이 애니보다 더 좋다고 생각한다. 더 섬세하고 상냥해서 좋달까.영상만으로는 그냥 아무 의미없이 지나치는 장면들이, 소설에서는 의미를 갖고 있게 되더라. 또 소설이 애니보다 재독할때 눈과 뇌가 재미있다. 왜, 영상은 눈으로 한 장면도 놓치지 않고 좇을 수 있어서 다시 봐도 새롭게 느껴지는 경우는 적지만, 글은 한 글자 한 글자 눈으로 좇아도, 나중에 다시 읽어보면 전혀 새로운 문장을 읽는 듯한 느낌이 들지 않은가. 위런 이유로, 해석의 다양한 스펙트럼으로 봤을때는, 소설쪽이 더 재미있다. 그래도 역시, 5cm/s는 소설과 애니 양 쪽을  순서가 상관없어도 좋으니, 둘다 감상해보기를 권한다. <초속 5센티미터>의 소설로 표현 할 수 없는, 영상만의 특혜는, 구름과 바람과 햇빛의 정교하고 섬세한 시각화라고 생각하므로, 또 우리가 잘 모를 일본의 일상 풍경을 생생하게 보여주는건 역시 애니 영상의 공로다.  
 
 소설과 애니의 스토리 상의 '의도한 다른 장면'은 마지막 장면이다. 애니에서는 어른이 된 타카기가 철도 건널목을 지나가다 우연히 지나가는 여인을 돌아보고 그 여인 또한 뒤 돌아 보는데, 그 순간에 기차가 두 대나 지나간다. 그 시간 뒤에 건너편에 여인이 계속 서 있나 싶었는데, 제 갈 길 가고 없더라. 허나, 소설에서는 두 남녀의 눈이 일순간 마주쳐 버린다. '마음과 기억이 격렬하게 술렁 댄 순간'에 기차가 지나가 버리지만, 두 사람은 그 자리에 계속 서 있을 것 같고, 말이라도 나눠볼 여지가 있는 듯 하게 묘사 되었다. (그런데 아카리는 이미 기혼 여성이 되 버린 듯 하다.) 소설과 애니가 두 사람의 함께 할 수 없는 지금의 현실을 잔인하게도 상호 보완한다. (그 철도 건널목 씬뒤에 두 사람의 감격적 재회가 있었더라면, 아침과 저녁의 불륜 드라마가 되어버렸을게다. 현실은 그런거니까. 그런건 아름답지 못하다. 그렇기 때문에, 그 장면을 기점으로 뭘 더 어찌 해 볼 수 없는 감정은 최고조에 오르고, 작품의 이야기는 끝난것 같다. 그 이후는 아름답지 못하다니까 그러네.)
 
 <초속 5센티미터>. 그 명칭을 처음 들었을때는, 물리학적인 냄새가 난다고 생각했다. 예고편이나 스틸컷은 한 장면도 보지 않았기 때문에, '뭐가 5cm/s든 설마 서정적인 속도겠어'하고 굳어진 첫인상은 독서 후, 반전했다. 벚꽃이 떨어지는 속도가 초속 5센티미터라고 한다. 처음에는 그게 뭐 어쨋다는거냐구 하며 읽었고, 의미를 잘 파악 못 했는데, '꺄아 로맨틱해'라고 말하는 한 여성 동지의 반응을 생각해 보면, 초속 5센티미터는 부드러움을 뜻하는 거라는 생각이 든다. 비가 내리는 속도가 초속 5미터라는데, 비에 맞는거에 비하면, 훨씬 부드러운 속도다. 게다가 꽃잎이 내게 초속 5센티미터로 부딪혔어 라고 하면 간지러운 느낌마저 든다. 이카리와 타카키는 소년 소녀 시절에 위러한 세상의 단편적인 지식을 주거니 받거니 했는데, 매년 벚꽃을 보면서 이 생각이 나면, 그리운 감각이 초속 5센티미터로 간질였을 것이다. 그러니까 초속 5센티미터는 부드럽고 그리운 감정의 속도다.
 
 아카리는 타카기와 떨어지기 전에, 내년 봄의 벚꽃도 너랑 함께 보고 싶어 라고 말하지만, 실제로 그 둘이 그 뒤로 같이 벚꽃을 본 날은, 15년 동안이나 오지 않았다. 둘이 첫 키스를 한 그날 밤은 눈이 오는 밤이었고, 그 뒤로 그 둘은 어쩔 수 없는 현실에 의해, 연락이 끊기게 된 것 같으니까. 그러니까 15년의 세월 뒤에 철도 건널목 씬에서 조우한(것 같은) 장면은 기적이라고도 할 수 있다. 그러니까, 함께 벚꽃을 본 시절과 다시 한번, 함께 벚꽃을 보는 시간 사이에는, 눈 뿐이었던거네. 이 생각을 하니, 다시금 그간 세월 만큼의 아픔이 전해져 온다.
 
 (이 책을 읽으면서, 도쿄는 참 쓸쓸한 도시인거 같다는 생각을 해 본다. 여자보다는 남자에게 더 그럴 것 같다. 타카기의 행적의 우울함은, 관심을 필요로 하지만 밀어내는 현대 남성의 모습같았다. 오죽 <도쿄 블루스>라는 여성 입장에서의 고독을 노래한 곡이 있지마는, 그 곡에 등장하는 남성의 입장을 생각해 보면, 쓸쓸한 도시 도쿄. (혼자 갈꺼면 거기로 여행은, 가지 말아버릴까))
 
 사실 이 책을 중간 중간 덮으면서 볼 수 밖에 없었다. 이런 작품은 개인의 심연 깊숙히 가라앉힌 기억을 흔들어서, 수면위로 부상하게 만드는 요소가 다분하기에, 가라앉히고 읽고, 진정 시키고 읽고 했다. 언제부터인가, 이런 옛 기억을 간질이는 작품은 피하게 되더라. 무의식적으로든 육감으로든 알아차릴 수 있달까. 10년 가까운 세월이 감정의 기복을 부드럽게 다독여 주긴 했어도, 지금도 그 기억은 여전히 가슴을 아프게 한다. 왜 여자들은, 결혼 해 버리는 걸까.
 
 중간 중간 자연스러운 흐름을 깨는 매끈하지 못한 단어 연결이나, 오타로 인해 몰입이 방해 되었다. 퍼뜩 퍼뜩 현실 감각을 되찾는데 도움이 되라는 역자의 배려이리라.
 
 두근 거리기도 하고, 아프기도 한 감정을 다시금 느끼고 싶을 때는 이 책을 다시 읽어 보려고 한다. 그 때는 눈이 내리는 겨울이나, 벚꽃이 날리는 봄에 평균 시속 150키로미터의 열차안에서,  초속 5센티미터를 손에 들고 있는 나의 모습을 상상해 본다.",18446744073709551615
112,초속 5센티미터,5,5,caramel,2017-11-03,"신카이 마코토의 초속 5센티미터. 첫사랑의 아련함이 떠오르는 책이다. 누구나 첫사랑을 간직하고 있듯이, 누구나 책을 읽으면서 타카키가 되고 카나에가 된다. 끊임없이 시간과 방향, 간격에 대한 고찰과 서로에 대한 애뜻함이 느껴진다. 초속 5센티미터는 벗꽃이 바닥까지 떨어지는 속도이고 그 날의 아름다웠던 추억이 퇴색되는 속도이기도 하다. 영상과 음악이 아름다웠던 애니메이션만큼 책을 읽으면서도 분홍의 벗꽃의 흐드러짐과 하얀 설원이 평쳐진 듯 생생하다.",18446744073709551615
113,초속 5센티미터,5,4,violetpw,2017-09-27,"신카에 마코토의 작품은 언제나 아련하고 아름다우면서도 현실적이다.사랑의 감정으로 인해 평범한 일상이 제일 좋은 순간으로 변한다는 것과 함께또한 그것이 영원하지 않다는 것.....을 말하고 있다.그리고 이런 순간들이 앞으로 또 있을 수도 있다는 것....잠재된 희망을 말하고 있다...초속 5센티미터로 인생이 흘러가는 것을 요즘 새삼 더 느끼고 있어서인지이 제목이 유독 더 가슴에 확 와닿아 꽂힌다.뛰어난 서정적 묘사, 섬세한 작화, 아름다운 대사들...지금 내 시선이 닿는 곳에는 벚꽃이 흩날리고 있는 것만 같다...",18446744073709551615
114,역시 최고,5,5,마리마린,2017-06-27,그저 보고만 있어도 눈물이 나올 것 같은 작품이 있습니다. 제게는 초속 5cm이 그런 작품이 아닐까 합니다. 서적으로 출간 된 것을 영화를 본 후에 읽은지라 별다른 감흥이 없을 것이다 라고 생각을 했었는데 영화와는 또 다른 느낌을 주는 것이 소설인 것 같습니다.화면상으로 잘 나타나지 않는 각 인물들의 심리 상태를 글로서 세밀하게 묘사하여 독자로 하여금 영화와는 또 다른 느낌의 감정이입을 하게 만드는 것 같습니다. 초속 5cm는 여러 장르로서 미디어믹스가 이루어 졌지만 시각이라는 직접적인 접속 방식인 영상화 보다는 글을 통한 상상력을 펼칠 수 있는 소설판이 더 좋지 않은가 생각합니다.그리고 미처 영화에서 보여주지 못했던 숨겨진 이야기들이 히든카드처럼 곳곳에 들어가 있어 도 다른 새로움을 느낄 수 있는 별개의 작품으로 취급해도 좋을 만큼 잘 쓰여져 있는 것이 소설판 이었습니다.전반적인 작품의 구성은 영화와 특별히 다른 부분은 없습니다. 다만 마지막 장면에서의 부분이 조금 영화와 다른데 영화를 본 사람들에게는 의외의 재미를 주는 부분입니다.마치 첫사랑의 아픔을 하나의 예술로 담아 낸 눈물 같은 작품이라서 무척 마음에 드는 소설입니다. 영상보다 더욱 진한 떨림이 있어 읽는 내내 오버랩 되는 영상의 장면들과 함께 무척 푹 빠져 읽은 책입니다.이렇게 영화의 원작이나 미디어믹스 된 작품을 읽을 때 먼저 접한 콘텐츠의 영향을 많이 받게 되는데 이 작품은 그런 것이 없이 무척 흥미롭게 읽을 수 있었던 것에 대만족이었습니다.역시 신카이 마코토의 작품답다는 생각을 했으며 그의 세계관에 푹 빠지는 그의 작품들 중 최고의 작품이 아닌가 하는 생각을 했습니다.,18446744073709551615
115,초속 5센티미터,5,5,술이부작,2017-05-03,너의 이름은 영화의 영향으로 신카이 마코토 작가님의 작품인 초속 5센티미터도 관심을 가지게 되네요.신카이 마코토 작가님의 첫 소설이라고 하고요. 혼자 만들었던 애니메이션 작품이라니 놀라워요.보통 이 책을 읽기전에 영화로 먼저 보시고 책을 보시는 분들이 많으실거에요. 그게 책을 읽으면서 상상하기에도 더 편하실거고요. 첫 소설이라도 부족한 점을 없어보여요.,18446744073709551615
116,영화를 보기전에...,3,4,caritas9,2017-02-09,"요즘 너의 이름은으로 한참 많은 인기를 끌고 있는 신카이 마코노 감독의 작품이다.일본 애니매이션은 주로 Gibli 스튜디오 작품만 보아왓는데, 마니 이야기를 끝으로 더 이상 영화 제작을 하지 않는다 하여 아쉬웠던 참인데, 영화의 저변이 깊어서인지, 좋은 애니매이션이 일본에 많은듯 하다.우선 아직 이 작품의 애니매이션은 아직 보지는 못했다.작품은 전체적으로 동일 인물의 첫 이야기 부터 대학까지의 이야기를 담고 있다.순정을 간직한 이 남자는 누가 보아도 패배자이지만, 일본 특유의 감각적 영상을 텍스트로 옮겨놓은듯 싶다. 짧기 때문에 금방 읽어볼 수 있을것이며, 영화도 곧 보아야 겠다.",18446744073709551615
117,아련한 추억이 흐르는 속도. 초속 5센티미터,5,5,scrupulous,2012-01-28,"나와 아카리는 그 무렵 여러 가지 일을 알고 있었다. 계절마다 별자리의 위치도 알고 있었고 목성이 어느 방향에서 어느 밝기로 보이는지도 기억하고 있었다. 하늘이 파랗게 보이는 이유도, 지구에 계절이 있는 이유도, 네안데르탈인이 자취를 감춘 시기도, 캄브리아기에 사라진 종의 이름도 알고 있었다. 우리는 우리보다 훨씬 크고 멀리 있는 모든 것에 강한 동정을 품고 있었다. 지금은 그런 일들의 대부분을 잊어버렸지만. 지금에 와서는 그저 예전에 알고 있었다라는 사실을 기억할 뿐이지만. p. 12
  
소싯적, 따지고 보면 그리 오래 되지도 않은 먼 옛날, 이루어질 수 없다는 것을 알면서도 설레임을 안고 짝사랑을 해 본 적도 있고 돌이켜보면 자잘한 실수와 순간의 선택들이 관계를 결정지어 버렸다는 아쉬움도 들 때가 있다. 무서운 것은 망각이다. 결코 끝나지 않을 것만 같았던 소년기와 사춘기를 지나면서 사람은 성장하기 마련이고, 인생의 리듬은 벚꽃이 떨어지는 스피드인 초속 5센티미터에서 때로는 비가 내리는 초속 5미터로, 때로는 트레일러를 운반하는 시속 5킬로미터로 변화한다. 그러다 문득 본래 페이스를 잃어버렸다는 사실을 깨닫게 되면 자리에 멈춰 서서 방황한다. 다시 벚꽃이 초속 5센티미터로 춤추는 계절이 올 때까지 말이다.
  
본 소설은 저자 신카이 마코토가 제작한 동명의 애니메이션을 소설화한 작품이다. 원작은 사실적인 배경 작화와 서정적인 분위기가 돋보이는 작품인데, 본래 문학전공인 신카이가 소설판으로 출간한 것이다. 일본 작품 중에는 글에서 스크린으로 혹은 그 반대로 매체를 옮겨가면서 원작의 이미지를 깎아먹는 예를 많이 봐 왔기에 반신반의하며 구매한 책인데, 소설 『초속 5센티미터』는 원작의 서정적이고 은은한 분위기를 그대로 옮겨왔다는 생각이 든다. 하기야 원작 감독이 직접 집필한 책이니 당연한 것인지도 모르겠다.
  
원작 애니메이션을 보며 깊은 감명을 받았기 때문에 책을 읽는 내내 마음속으로 원작과 비교해가면서 읽었는데, 원작에서 독백으로 소화한 장면들이 소설에서는 거의 빠짐없이 내레이션으로 이식되었다 (사실 원작에서는 대사보다 독백이 더 많을 정도로 적극적으로 활용된다). 또한 배경이나 사운드 이펙트 등도 빠짐없이 글로 설명되기에 원작에서는 쉽게 지나치는 장면들이 조금 더 자세하게 나온다는 느낌이 든다. 원작의 장면을 빠뜨린 부분도 있지만 그보다는 추가적으로 자세한 설명을 더한 부분이 상대적으로 더 많다. 가령 본 글의 첫 부분에 인용한 구절도 원작에서는 은은하게 암시가 될 뿐 직접적인 언급은 없다. 소설은 원작과 같이 세 파트로 나뉘어져 있는데, 원작에서는 은유적인 장면 전환과 엔딩 크레딧으로 대부분을 설명하는 세 번째 파트가 책에서는 훨씬 자세하게 설명된다. 
  
대체로 원작을 본 사람이라면 원작에서의 장면들이 이러이러한 설정을 염두로 두고 만들었구나 하며 고개를 끄덕일만하고, 원작을 보지 않은 사람이라도 ‘책’이라는 매체에 알맞게 충분한 설명으로 개연성을 부여한 것 같다. 같은 이야기이지만 원작과는 또 다른 매력이 있다. 저자의 후기에 의하면 상호보완적이라고 한다. 물론 어느 쪽이든 아련한 감성을 자극하는 건 같다.",18446744073709551615
118,신카이 마코토 초속 5cm리뷰,5,5,jwasj517,2010-05-12,"아.. 



다 읽고 난 처음의 생각이었다. 

읽기 전에 아직 보지 않았다면 이것을 볼 것을 다시 생각해 보길 바란다. 




난 극장 판이라는 이름의 애니를 정말 좋아한다. 보통 원작이 없는 경우가 많기 때문에 길게 끌지도 그렇다고 생략하는 느낌도 전혀 없이 그 작품 자체에 집중할 수 있게 해주기 때문이다. 초속 5cm과 별의 목소리, 그리고 구름의 저편 약속의 장소.. 

모두 신카이 마코토의 작품으로 조금 가슴 아픈 사랑 내용인 경우가 많다. 

그 중에 초속 5cm은 애니는 직접 DVD를 사기 전까지는 볼 생각이 없는 작품이었는데, 우연히 책을 얻어 볼 기회가 생겨서 지금 이렇게 리뷰를 써보고 있다. 

전에 다른 사람이 쓴 리뷰를 흘겨 읽은 적이 있었으나 내용을 모르고 마지막 내용만 말해서 잘 이해가 안간 상태였지만, 다 읽고 나니 어떤 느낌인지 잘 알겠다. 

이 작품은 3가지 파트로 나뉘어져 있고, 각각 다른 시점으로 표현되어, 1장에서는 토노 타카키의 어린 시절의 시점으로 좋아하는 시노하라 아카리와의 추억 그리고 전학으로 인한 헤어짐 그리고 서로가 좋아함을 느끼고 첫 키스를 나누는 장면이 나온다. 하지만 그 후 타카키는 규슈 본섬과 떨어진 타네가시마섬으로 가게 된다. 

그리고 2장에서는 토노를 좋아하는 스미다의 시점으로 전학 온 시점부터 좋아하던 토노와 고3의 시절을 단편적으로 그려내는 장면이다. 토노에게 자신의 마음을 재대로 전하지 못하고 토노가 메일을 하는 걸 보고 자신과 하면 얼마나 좋을까? 같은 생각을 하며 멀지도 가깝지도 않은 사이를 유지하면서 결국 토노가 도쿄로 가게 되어 헤어지게 되고 마지막에 작은 고백으로 마음을 정리한다. 

마지막 3장에서는 10년 정도가 지나 토노 타카키의 대학시절의 이야기와 사회에 나가 직업을 갖고, 3명의 여자와의 사귐과 헤어짐을 반복하고 옛날 기억을 회상하면서 아카리와의 기억을 기억하게 되고, 우연히 철도에서 만나지만 서로 슬금 보기만 할 뿐 말을 걸지도 아는 척을 하지도 않을 채 앞으로 나아가게 된다. 

결말 부분 떨어지는 벚꽃 아래에서 다시 만난 두 사람의 심경은 앞으로 나아간다. 라는 단 한 생각 뿐 이었을까? 그들은 15년 이란 긴 세월동안 서로에 대해 잊어버리고 살아간다. 읽으면서 세월이라는 것은 추억과 기억을 지워버리는 무서운 존재라는 걸 확실하게 인식시켰다. 나도 옛날의 기억은 거의 기억하는 게 없지만 읽어가면서 너무 슬픈 나머지 눈물이 나올 걸 참으면서 읽었다.(낼 수 없었던 건 가족이 바로 옆에서 있었기 때문에) 
1부 마지막에 헤어지면서 

“ 타카키는 앞으로도 괜찮을 거라고 생각해 분명히!” 

라는 대사가 있다. 나는 왜 그 대사부분에서 가슴이 찡해지는 느낌을 받았는지 읽는 동안에는 잘 몰랐다. 하지만 읽어나갈수록 그 의도를 알았달 까. 그 의미를 앎으로써 더욱더 슬픈 느낌이 들었다. 둘은 그 이후로 더 이상 만나는 일이 없어졌고, 그건 헤어짐의 의미로 쓰였다고 생각한다(만든 사람이 아니니까 확실하게 단정할 순 없지만). 

신카이 마코토 작품은 애절한 내용이 많다. 앞에서도 이야기했지만 그 구성력과 진행력이 정말 대단하다고 생각한다. 

이 책은 애니를 좋아하는 사람이라면 반드시 읽어야 된다. 라고 

난 책만으로도 만족해서 애니는 볼 생각이 없다. 모두 한번 읽어 봐라. 만족이라는 걸 느끼게 될 것이다. 

完",18446744073709551615
119,초속 5센티미터. 미래에서 과거로 과거에서 현재로 부딪혀 오는 감정의 속도,5,5,SP,2010-06-15,"몇 년 전, <초속 5센티미터> 라는 제목의 일본 애니메이션이 극장가에서 개봉했던 기억이 난다. 당시에 즐겨보던 영화 잡지 같은데서 이 애니메이션(이하 5cm/s)의 감독 신카이 마코토에 대해 다룬 기사가 많았던거 같은데, 그만큼 나름 반향이 컸던 작품이었던것 같다. 심지어 대학 1학년때 교양 과목으로 들었던 한 과목에서는, 같은 감독의 다른 작품 <구름의 저편, 약속의 장소>라는 애니메이션을 주제로 교수님의 열성적인 주재로 감상과 토론 수업(작품의 소재는, 평행우주.)을 했던 기억이 남아있을 정도니, 감독 이름 만큼은 머리 속에 남아있게 됐다. 그 작품 '구름'은 비행기를 타고 하늘을 나는 장면이 있었는데, 인상적이었다. 비행기를 타고 날으며 보게되는, 석양의 빛을 그렇게나  사실적으로 묘사한 애니 영상은 그 이후로도 보지 못했을 정도로, 빛의 묘사가 일품이었다고 기억되는 작품이었다. 헌데, 이 감독의 대표작은 <초속 5센티미터>인 모양인데, 강의 과제와 토론으로 '구름'을 접한 뒤에는, 기억의 저편으로 날려버려서, 5cm/s에 대한 감상의 여유는 오늘날까지 미루고 있었다. 그랬는데, 나의 문화 후원자이신 '이케부쿠로 저녁 10시 방황녀♡'께서 필히 권하여 주신고로, 4,5년의 세월 뒤에 다시 조우하게 되었다. 허나, 이번에는 애니가 아닌, 소설의 형식이다.
 
 줄거리는 단순하다. 초등학교 때 부터 어울려 다니던 소년과 소녀가 중학생이 되면서 서로 떨어지게 되고, 그 좋아하는 마음은 순애보적으로 고등학생을 거쳐 어른이 되고, 서른이 되는 15년 후에도 간직되지만, 그 둘의 관계는 행복하게 유지 되지 못하고, 아픔을 동반한 떠올림(기억, 추억)으로 자극한다는 내용이다. 이런 '이루지 못한 (첫)사랑'을 다룬 얼개는 십대를 거쳐, 이십 대 후반, 서른이 된 성인 남여의 공통된 인생 경험이 아닐까. 소설 5cm/s에서는 소년과 소녀의 이야기를 1화에서, 그들이 떨어지게 되고 난 후 소년의 모습을 2화에서, 어른이 되고 '그 애'를 '그 또는 그녀'로 회상하며 그리워하는 모습을 3화에서 보여준다. 백미는 1화에서, 아주 멀리 떨어지기 전에, 아카리(여 주인공)를 만나러 가는 타카기(남 주인공)의 하룻밤(어머나.?!)을 다룬 장면이다. 눈이 내리는 바람에 만나기로 한 시간보다 4시간이나 훌쩍 지난 뒤에야 약속 장소에 도착한 소년은. 늦은 밤 11시까지 기다려준 소녀를 발견한다. 소녀는 소년을 위한 도시락을 싸 왔고, 소년을 보자마자 울음을 터트린다. 석유 난로의 열기와 기다림 받은 시간이 섞인 따뜻하고 맛난 도시락. 소녀는 소년에게 편지로 얘기했던 벚나무아래에서 인생의 첫 키스를 하게 된다. 그리고 그 옆의 오두막에서 밤새도록... 그간 못 다한 이야기를 나누었다. 그리고 그게 둘의 마지막 순간이며, 15년 뒤까지도 가장 특별했던 일이 된다. 어른이 된 아카리와 타카기의 현재 모습은 그 둘이 주고 받을 수 있었던 편지의 다짐대로 현실화 된 면도 있고, 어긋나 버린 면도 있더라.
 
 권말의 작가 후기에 보면, 2007년에 애니가 개봉하고 나서, 틈틈히 자기 영화를 소설화 해서 써 두었던것을 책으로 내었다고 한다. 그렇다는 말은, 영상에서 다 하지 못한 말을, 글로써 전하고자 했다는 말이라고 판단한 나는, 책을 다 읽고 영상을 보았다. 상호 보완적일 것이라는 작가(감독)의 말 처럼, 확실히 소설과 애니의 상호 보완이 어떤식으로 작용하는지 구경하는 경험이 되었다. 세상에 나오기는 애니가 먼저 나오고, 그 다음에 소설이 나온 격인데, 두 형식의 5cm/s를 다 본 지금의 나의 감상은, 애니가 소설을 보조한다라는 느낌이랄까. 감독이 영상을 만들면서, 표현의 한계를 느껴 아쉬워 했구나 하는걸 느낄 수 있었다. 그래서 소설은 묘사의 부연이 많은 편이다. 그러니까 나는 소설이 애니보다 더 좋다고 생각한다. 더 섬세하고 상냥해서 좋달까.영상만으로는 그냥 아무 의미없이 지나치는 장면들이, 소설에서는 의미를 갖고 있게 되더라. 또 소설이 애니보다 재독할때 눈과 뇌가 재미있다. 왜, 영상은 눈으로 한 장면도 놓치지 않고 좇을 수 있어서 다시 봐도 새롭게 느껴지는 경우는 적지만, 글은 한 글자 한 글자 눈으로 좇아도, 나중에 다시 읽어보면 전혀 새로운 문장을 읽는 듯한 느낌이 들지 않은가. 위런 이유로, 해석의 다양한 스펙트럼으로 봤을때는, 소설쪽이 더 재미있다. 그래도 역시, 5cm/s는 소설과 애니 양 쪽을  순서가 상관없어도 좋으니, 둘다 감상해보기를 권한다. <초속 5센티미터>의 소설로 표현 할 수 없는, 영상만의 특혜는, 구름과 바람과 햇빛의 정교하고 섬세한 시각화라고 생각하므로, 또 우리가 잘 모를 일본의 일상 풍경을 생생하게 보여주는건 역시 애니 영상의 공로다.  
 
 소설과 애니의 스토리 상의 '의도한 다른 장면'은 마지막 장면이다. 애니에서는 어른이 된 타카기가 철도 건널목을 지나가다 우연히 지나가는 여인을 돌아보고 그 여인 또한 뒤 돌아 보는데, 그 순간에 기차가 두 대나 지나간다. 그 시간 뒤에 건너편에 여인이 계속 서 있나 싶었는데, 제 갈 길 가고 없더라. 허나, 소설에서는 두 남녀의 눈이 일순간 마주쳐 버린다. '마음과 기억이 격렬하게 술렁 댄 순간'에 기차가 지나가 버리지만, 두 사람은 그 자리에 계속 서 있을 것 같고, 말이라도 나눠볼 여지가 있는 듯 하게 묘사 되었다. (그런데 아카리는 이미 기혼 여성이 되 버린 듯 하다.) 소설과 애니가 두 사람의 함께 할 수 없는 지금의 현실을 잔인하게도 상호 보완한다. (그 철도 건널목 씬뒤에 두 사람의 감격적 재회가 있었더라면, 아침과 저녁의 불륜 드라마가 되어버렸을게다. 현실은 그런거니까. 그런건 아름답지 못하다. 그렇기 때문에, 그 장면을 기점으로 뭘 더 어찌 해 볼 수 없는 감정은 최고조에 오르고, 작품의 이야기는 끝난것 같다. 그 이후는 아름답지 못하다니까 그러네.)
 
 <초속 5센티미터>. 그 명칭을 처음 들었을때는, 물리학적인 냄새가 난다고 생각했다. 예고편이나 스틸컷은 한 장면도 보지 않았기 때문에, '뭐가 5cm/s든 설마 서정적인 속도겠어'하고 굳어진 첫인상은 독서 후, 반전했다. 벚꽃이 떨어지는 속도가 초속 5센티미터라고 한다. 처음에는 그게 뭐 어쨋다는거냐구 하며 읽었고, 의미를 잘 파악 못 했는데, '꺄아 로맨틱해'라고 말하는 한 여성 동지의 반응을 생각해 보면, 초속 5센티미터는 부드러움을 뜻하는 거라는 생각이 든다. 비가 내리는 속도가 초속 5미터라는데, 비에 맞는거에 비하면, 훨씬 부드러운 속도다. 게다가 꽃잎이 내게 초속 5센티미터로 부딪혔어 라고 하면 간지러운 느낌마저 든다. 이카리와 타카키는 소년 소녀 시절에 위러한 세상의 단편적인 지식을 주거니 받거니 했는데, 매년 벚꽃을 보면서 이 생각이 나면, 그리운 감각이 초속 5센티미터로 간질였을 것이다. 그러니까 초속 5센티미터는 부드럽고 그리운 감정의 속도다.
 
 아카리는 타카기와 떨어지기 전에, 내년 봄의 벚꽃도 너랑 함께 보고 싶어 라고 말하지만, 실제로 그 둘이 그 뒤로 같이 벚꽃을 본 날은, 15년 동안이나 오지 않았다. 둘이 첫 키스를 한 그날 밤은 눈이 오는 밤이었고, 그 뒤로 그 둘은 어쩔 수 없는 현실에 의해, 연락이 끊기게 된 것 같으니까. 그러니까 15년의 세월 뒤에 철도 건널목 씬에서 조우한(것 같은) 장면은 기적이라고도 할 수 있다. 그러니까, 함께 벚꽃을 본 시절과 다시 한번, 함께 벚꽃을 보는 시간 사이에는, 눈 뿐이었던거네. 이 생각을 하니, 다시금 그간 세월 만큼의 아픔이 전해져 온다.
 
 (이 책을 읽으면서, 도쿄는 참 쓸쓸한 도시인거 같다는 생각을 해 본다. 여자보다는 남자에게 더 그럴 것 같다. 타카기의 행적의 우울함은, 관심을 필요로 하지만 밀어내는 현대 남성의 모습같았다. 오죽 <도쿄 블루스>라는 여성 입장에서의 고독을 노래한 곡이 있지마는, 그 곡에 등장하는 남성의 입장을 생각해 보면, 쓸쓸한 도시 도쿄. (혼자 갈꺼면 거기로 여행은, 가지 말아버릴까))
 
 사실 이 책을 중간 중간 덮으면서 볼 수 밖에 없었다. 이런 작품은 개인의 심연 깊숙히 가라앉힌 기억을 흔들어서, 수면위로 부상하게 만드는 요소가 다분하기에, 가라앉히고 읽고, 진정 시키고 읽고 했다. 언제부터인가, 이런 옛 기억을 간질이는 작품은 피하게 되더라. 무의식적으로든 육감으로든 알아차릴 수 있달까. 10년 가까운 세월이 감정의 기복을 부드럽게 다독여 주긴 했어도, 지금도 그 기억은 여전히 가슴을 아프게 한다. 왜 여자들은, 결혼 해 버리는 걸까.
 
 중간 중간 자연스러운 흐름을 깨는 매끈하지 못한 단어 연결이나, 오타로 인해 몰입이 방해 되었다. 퍼뜩 퍼뜩 현실 감각을 되찾는데 도움이 되라는 역자의 배려이리라.
 
 두근 거리기도 하고, 아프기도 한 감정을 다시금 느끼고 싶을 때는 이 책을 다시 읽어 보려고 한다. 그 때는 눈이 내리는 겨울이나, 벚꽃이 날리는 봄에 평균 시속 150키로미터의 열차안에서,  초속 5센티미터를 손에 들고 있는 나의 모습을 상상해 본다.",18446744073709551615
120,초속 5센티미터,4,5,yaha1,2017-01-25,어린 시절 서로 좋아했던 소년과 소녀 말하지 않았지만 서로가 서로에게 모든 것이었던 시절과 이별 그리고 그 후의 이야기 원작은 극장용 애니메이션임 책을 읽고 애니를 보던 애니를 보고 책을 읽던 무조건 둘 다 봐야 이해가 더욱 잘됨 애니메이션은 상당히 슬펐는데 책은 생각보다 담담하면서도 한편으로는 애틋함 분량이 좀 짧아서 걱정했는데 읽고보니 딱 적당한 분량 애니메이션을 봤다면 반드시 읽으라고 추천해주고 싶음,18446744073709551615
121,초속 5센티미터,5,4,제논,2016-12-03,"누구에게나 지나온 시절의 추억이 있다. 때로는 아프고 때로는 슬프고 때로는 웃기고 때로는 부끄러운, 그러나 자기 자신 안에서 인격을 형성하는 자양분이 되는 무언가이다. 초속 5센티미터는 담담히 풀어놓는 이루어지지 못한 첫사랑과 그 이후로 엇나가기만한 사랑의 아픔을 가진 한 소년의 이야기이다. 애니메이션을 원작으로 한 소설이지만 그 자체로서도 하나의 문학 작품을 읽는 듯한 느낌을 준다.  이루어지지 못한 사랑은 더 아름답게 윤색되는걸지도 모른다. 그러나 그 아름다움이 결국 자기 자신을 추동하고 움직이게 만드는 힘이 된다면 그것만큼 소중한 것은 없지 않을까. 인생의 장면장면을 담아둔 옛 앨범이 읽는 이와 함께 펼쳐진다. 그 안에서 추억도 눈발처럼, 매미소리처럼, 파도처럼, 떨어지는 꽃잎처럼 함께 펼쳐진다.",18446744073709551615
122,초속 5cm,5,5,nazini,2016-07-10,신카이 마코토 감독의 동명 애니메이션을 감상하고한동안 그 감정에서 헤어나오질 못했었다.물론 작품 영상미에 압도된 것도 없지 않아 있겠지만그 섬세한 감정표현 및 묘사들 또한 무섭도록 소름끼쳤었다.신카이 마코토 감독은 별의 목소리때부터 좋아했었는데그 작품은 기타 미디어믹스들이 그다지 좋은 평가를 받지는 못했다.하지만 이번 미디어믹스는 감독이 직접 집필한 작품에 대해 노벨라이즈를 한것이라기대가 컸고 그 기대를 충분히 만족시켜 주었다.특히 영상에서 미처 보여주지 못했던 부분들을 보여주어 좋았다.,18446744073709551615
123,초속 5센티미터,3,3,seio,2016-02-04,"애니메이션을 굉장히 인상 깊게 봤기 때문에 그런 걸지도 몰라도 소설은 살짝 실망스러웠다. 영화에서는 알 수 없었던 뒷사정을 알 수 있었다는 점은 좋았지만 그뿐이었다. 그렇다고 소설이 별로였다는 것은 아니다. 애니메이션을 보지 않고 소설을 봤다면 더욱 즐겁게 읽을 수 있었을 것 같다.
게다가 글씨가 작고 문장 사이 간격이 지나치게 좁아 읽는 내내 눈이 아팠다. 대부분의 이북이 가지는 공통점이다. 제발 이 부분 좀 개선해주면 좋겠다.",18446744073709551615
124,영상미가 아름다운 감독이 직접 쓴 소설,5,5,우와한,2015-10-05,"미디어믹스가 활발한 일본에서는 애니메이션, 드라마, 영화, 콘솔 게임 등 파급력 강한 매체로 작품 하나가 출시되면 반드시 소설과 드라마CD, 만화책으로 활발하게 발매가 됩니다. 원작과 동일한 내용을 담은 작품이 있는가 하면 본편에서 담을 수 없었던 외전을 다룬 작품도 많죠.전자는 그렇게 높은 평가를 받지 못하는 경우가 많습니다. 압도적인 비용이 투입된 원작에 비해서 소설, 드라마CD, 만화책은 분량도 예산도 제한적이거든요. 그냥 줄거리 요약본처럼 보이는 경우도 많아요. 그래도 팬들은 삽화나 표지 일러스트를 소장하기 위해 구입하곤 하죠.신카이 마코토 감독은 영상을 멈춰놓고 캡처하면 그대로 아름다운 일러스트가 된다고 평가받을 만큼 영상미가 뛰어난 감독입니다. 이미 영상을 본 사람들의 기대치가 한껏 높아진 상황에서 이를 소설로 다룬다면.. 소설의 표현이 원래 기대에 못 미칠 경우가 많아요.하지만 감독 자신이 직접 집필한 소설이고, 초속 5cm가 감독의 전체 구상 중 일부 이야기만 영상화되었고, 신카이 감독 작품이 많은 대사와 선명한 내러티브 대신 은유적인 영상이 더 강조되는 만큼, 소설 특유의 세심한 문장에서 초속 5센티미터를 다시 보는 것은 즐거운 경험입니다.감독이 화면에서 표현하는 느낌이, 문장 곳곳에 차분하게 재현된 느낌입니다",18446744073709551615
125,아련한 추억이 흐르는 속도. 초속 5센티미터,5,5,scrupulous,2012-01-28,"나와 아카리는 그 무렵 여러 가지 일을 알고 있었다. 계절마다 별자리의 위치도 알고 있었고 목성이 어느 방향에서 어느 밝기로 보이는지도 기억하고 있었다. 하늘이 파랗게 보이는 이유도, 지구에 계절이 있는 이유도, 네안데르탈인이 자취를 감춘 시기도, 캄브리아기에 사라진 종의 이름도 알고 있었다. 우리는 우리보다 훨씬 크고 멀리 있는 모든 것에 강한 동정을 품고 있었다. 지금은 그런 일들의 대부분을 잊어버렸지만. 지금에 와서는 그저 예전에 알고 있었다라는 사실을 기억할 뿐이지만. p. 12
  
소싯적, 따지고 보면 그리 오래 되지도 않은 먼 옛날, 이루어질 수 없다는 것을 알면서도 설레임을 안고 짝사랑을 해 본 적도 있고 돌이켜보면 자잘한 실수와 순간의 선택들이 관계를 결정지어 버렸다는 아쉬움도 들 때가 있다. 무서운 것은 망각이다. 결코 끝나지 않을 것만 같았던 소년기와 사춘기를 지나면서 사람은 성장하기 마련이고, 인생의 리듬은 벚꽃이 떨어지는 스피드인 초속 5센티미터에서 때로는 비가 내리는 초속 5미터로, 때로는 트레일러를 운반하는 시속 5킬로미터로 변화한다. 그러다 문득 본래 페이스를 잃어버렸다는 사실을 깨닫게 되면 자리에 멈춰 서서 방황한다. 다시 벚꽃이 초속 5센티미터로 춤추는 계절이 올 때까지 말이다.
  
본 소설은 저자 신카이 마코토가 제작한 동명의 애니메이션을 소설화한 작품이다. 원작은 사실적인 배경 작화와 서정적인 분위기가 돋보이는 작품인데, 본래 문학전공인 신카이가 소설판으로 출간한 것이다. 일본 작품 중에는 글에서 스크린으로 혹은 그 반대로 매체를 옮겨가면서 원작의 이미지를 깎아먹는 예를 많이 봐 왔기에 반신반의하며 구매한 책인데, 소설 『초속 5센티미터』는 원작의 서정적이고 은은한 분위기를 그대로 옮겨왔다는 생각이 든다. 하기야 원작 감독이 직접 집필한 책이니 당연한 것인지도 모르겠다.
  
원작 애니메이션을 보며 깊은 감명을 받았기 때문에 책을 읽는 내내 마음속으로 원작과 비교해가면서 읽었는데, 원작에서 독백으로 소화한 장면들이 소설에서는 거의 빠짐없이 내레이션으로 이식되었다 (사실 원작에서는 대사보다 독백이 더 많을 정도로 적극적으로 활용된다). 또한 배경이나 사운드 이펙트 등도 빠짐없이 글로 설명되기에 원작에서는 쉽게 지나치는 장면들이 조금 더 자세하게 나온다는 느낌이 든다. 원작의 장면을 빠뜨린 부분도 있지만 그보다는 추가적으로 자세한 설명을 더한 부분이 상대적으로 더 많다. 가령 본 글의 첫 부분에 인용한 구절도 원작에서는 은은하게 암시가 될 뿐 직접적인 언급은 없다. 소설은 원작과 같이 세 파트로 나뉘어져 있는데, 원작에서는 은유적인 장면 전환과 엔딩 크레딧으로 대부분을 설명하는 세 번째 파트가 책에서는 훨씬 자세하게 설명된다. 
  
대체로 원작을 본 사람이라면 원작에서의 장면들이 이러이러한 설정을 염두로 두고 만들었구나 하며 고개를 끄덕일만하고, 원작을 보지 않은 사람이라도 ‘책’이라는 매체에 알맞게 충분한 설명으로 개연성을 부여한 것 같다. 같은 이야기이지만 원작과는 또 다른 매력이 있다. 저자의 후기에 의하면 상호보완적이라고 한다. 물론 어느 쪽이든 아련한 감성을 자극하는 건 같다.",18446744073709551615
126,신카이 마코토 초속 5cm리뷰,5,5,jwasj517,2010-05-12,"아.. 



다 읽고 난 처음의 생각이었다. 

읽기 전에 아직 보지 않았다면 이것을 볼 것을 다시 생각해 보길 바란다. 




난 극장 판이라는 이름의 애니를 정말 좋아한다. 보통 원작이 없는 경우가 많기 때문에 길게 끌지도 그렇다고 생략하는 느낌도 전혀 없이 그 작품 자체에 집중할 수 있게 해주기 때문이다. 초속 5cm과 별의 목소리, 그리고 구름의 저편 약속의 장소.. 

모두 신카이 마코토의 작품으로 조금 가슴 아픈 사랑 내용인 경우가 많다. 

그 중에 초속 5cm은 애니는 직접 DVD를 사기 전까지는 볼 생각이 없는 작품이었는데, 우연히 책을 얻어 볼 기회가 생겨서 지금 이렇게 리뷰를 써보고 있다. 

전에 다른 사람이 쓴 리뷰를 흘겨 읽은 적이 있었으나 내용을 모르고 마지막 내용만 말해서 잘 이해가 안간 상태였지만, 다 읽고 나니 어떤 느낌인지 잘 알겠다. 

이 작품은 3가지 파트로 나뉘어져 있고, 각각 다른 시점으로 표현되어, 1장에서는 토노 타카키의 어린 시절의 시점으로 좋아하는 시노하라 아카리와의 추억 그리고 전학으로 인한 헤어짐 그리고 서로가 좋아함을 느끼고 첫 키스를 나누는 장면이 나온다. 하지만 그 후 타카키는 규슈 본섬과 떨어진 타네가시마섬으로 가게 된다. 

그리고 2장에서는 토노를 좋아하는 스미다의 시점으로 전학 온 시점부터 좋아하던 토노와 고3의 시절을 단편적으로 그려내는 장면이다. 토노에게 자신의 마음을 재대로 전하지 못하고 토노가 메일을 하는 걸 보고 자신과 하면 얼마나 좋을까? 같은 생각을 하며 멀지도 가깝지도 않은 사이를 유지하면서 결국 토노가 도쿄로 가게 되어 헤어지게 되고 마지막에 작은 고백으로 마음을 정리한다. 

마지막 3장에서는 10년 정도가 지나 토노 타카키의 대학시절의 이야기와 사회에 나가 직업을 갖고, 3명의 여자와의 사귐과 헤어짐을 반복하고 옛날 기억을 회상하면서 아카리와의 기억을 기억하게 되고, 우연히 철도에서 만나지만 서로 슬금 보기만 할 뿐 말을 걸지도 아는 척을 하지도 않을 채 앞으로 나아가게 된다. 

결말 부분 떨어지는 벚꽃 아래에서 다시 만난 두 사람의 심경은 앞으로 나아간다. 라는 단 한 생각 뿐 이었을까? 그들은 15년 이란 긴 세월동안 서로에 대해 잊어버리고 살아간다. 읽으면서 세월이라는 것은 추억과 기억을 지워버리는 무서운 존재라는 걸 확실하게 인식시켰다. 나도 옛날의 기억은 거의 기억하는 게 없지만 읽어가면서 너무 슬픈 나머지 눈물이 나올 걸 참으면서 읽었다.(낼 수 없었던 건 가족이 바로 옆에서 있었기 때문에) 
1부 마지막에 헤어지면서 

“ 타카키는 앞으로도 괜찮을 거라고 생각해 분명히!” 

라는 대사가 있다. 나는 왜 그 대사부분에서 가슴이 찡해지는 느낌을 받았는지 읽는 동안에는 잘 몰랐다. 하지만 읽어나갈수록 그 의도를 알았달 까. 그 의미를 앎으로써 더욱더 슬픈 느낌이 들었다. 둘은 그 이후로 더 이상 만나는 일이 없어졌고, 그건 헤어짐의 의미로 쓰였다고 생각한다(만든 사람이 아니니까 확실하게 단정할 순 없지만). 

신카이 마코토 작품은 애절한 내용이 많다. 앞에서도 이야기했지만 그 구성력과 진행력이 정말 대단하다고 생각한다. 

이 책은 애니를 좋아하는 사람이라면 반드시 읽어야 된다. 라고 

난 책만으로도 만족해서 애니는 볼 생각이 없다. 모두 한번 읽어 봐라. 만족이라는 걸 느끼게 될 것이다. 

完",18446744073709551615
127,초속 5센티미터. 미래에서 과거로 과거에서 현재로 부딪혀 오는 감정의 속도,5,5,SP,2010-06-15,"몇 년 전, <초속 5센티미터> 라는 제목의 일본 애니메이션이 극장가에서 개봉했던 기억이 난다. 당시에 즐겨보던 영화 잡지 같은데서 이 애니메이션(이하 5cm/s)의 감독 신카이 마코토에 대해 다룬 기사가 많았던거 같은데, 그만큼 나름 반향이 컸던 작품이었던것 같다. 심지어 대학 1학년때 교양 과목으로 들었던 한 과목에서는, 같은 감독의 다른 작품 <구름의 저편, 약속의 장소>라는 애니메이션을 주제로 교수님의 열성적인 주재로 감상과 토론 수업(작품의 소재는, 평행우주.)을 했던 기억이 남아있을 정도니, 감독 이름 만큼은 머리 속에 남아있게 됐다. 그 작품 '구름'은 비행기를 타고 하늘을 나는 장면이 있었는데, 인상적이었다. 비행기를 타고 날으며 보게되는, 석양의 빛을 그렇게나  사실적으로 묘사한 애니 영상은 그 이후로도 보지 못했을 정도로, 빛의 묘사가 일품이었다고 기억되는 작품이었다. 헌데, 이 감독의 대표작은 <초속 5센티미터>인 모양인데, 강의 과제와 토론으로 '구름'을 접한 뒤에는, 기억의 저편으로 날려버려서, 5cm/s에 대한 감상의 여유는 오늘날까지 미루고 있었다. 그랬는데, 나의 문화 후원자이신 '이케부쿠로 저녁 10시 방황녀♡'께서 필히 권하여 주신고로, 4,5년의 세월 뒤에 다시 조우하게 되었다. 허나, 이번에는 애니가 아닌, 소설의 형식이다.
 
 줄거리는 단순하다. 초등학교 때 부터 어울려 다니던 소년과 소녀가 중학생이 되면서 서로 떨어지게 되고, 그 좋아하는 마음은 순애보적으로 고등학생을 거쳐 어른이 되고, 서른이 되는 15년 후에도 간직되지만, 그 둘의 관계는 행복하게 유지 되지 못하고, 아픔을 동반한 떠올림(기억, 추억)으로 자극한다는 내용이다. 이런 '이루지 못한 (첫)사랑'을 다룬 얼개는 십대를 거쳐, 이십 대 후반, 서른이 된 성인 남여의 공통된 인생 경험이 아닐까. 소설 5cm/s에서는 소년과 소녀의 이야기를 1화에서, 그들이 떨어지게 되고 난 후 소년의 모습을 2화에서, 어른이 되고 '그 애'를 '그 또는 그녀'로 회상하며 그리워하는 모습을 3화에서 보여준다. 백미는 1화에서, 아주 멀리 떨어지기 전에, 아카리(여 주인공)를 만나러 가는 타카기(남 주인공)의 하룻밤(어머나.?!)을 다룬 장면이다. 눈이 내리는 바람에 만나기로 한 시간보다 4시간이나 훌쩍 지난 뒤에야 약속 장소에 도착한 소년은. 늦은 밤 11시까지 기다려준 소녀를 발견한다. 소녀는 소년을 위한 도시락을 싸 왔고, 소년을 보자마자 울음을 터트린다. 석유 난로의 열기와 기다림 받은 시간이 섞인 따뜻하고 맛난 도시락. 소녀는 소년에게 편지로 얘기했던 벚나무아래에서 인생의 첫 키스를 하게 된다. 그리고 그 옆의 오두막에서 밤새도록... 그간 못 다한 이야기를 나누었다. 그리고 그게 둘의 마지막 순간이며, 15년 뒤까지도 가장 특별했던 일이 된다. 어른이 된 아카리와 타카기의 현재 모습은 그 둘이 주고 받을 수 있었던 편지의 다짐대로 현실화 된 면도 있고, 어긋나 버린 면도 있더라.
 
 권말의 작가 후기에 보면, 2007년에 애니가 개봉하고 나서, 틈틈히 자기 영화를 소설화 해서 써 두었던것을 책으로 내었다고 한다. 그렇다는 말은, 영상에서 다 하지 못한 말을, 글로써 전하고자 했다는 말이라고 판단한 나는, 책을 다 읽고 영상을 보았다. 상호 보완적일 것이라는 작가(감독)의 말 처럼, 확실히 소설과 애니의 상호 보완이 어떤식으로 작용하는지 구경하는 경험이 되었다. 세상에 나오기는 애니가 먼저 나오고, 그 다음에 소설이 나온 격인데, 두 형식의 5cm/s를 다 본 지금의 나의 감상은, 애니가 소설을 보조한다라는 느낌이랄까. 감독이 영상을 만들면서, 표현의 한계를 느껴 아쉬워 했구나 하는걸 느낄 수 있었다. 그래서 소설은 묘사의 부연이 많은 편이다. 그러니까 나는 소설이 애니보다 더 좋다고 생각한다. 더 섬세하고 상냥해서 좋달까.영상만으로는 그냥 아무 의미없이 지나치는 장면들이, 소설에서는 의미를 갖고 있게 되더라. 또 소설이 애니보다 재독할때 눈과 뇌가 재미있다. 왜, 영상은 눈으로 한 장면도 놓치지 않고 좇을 수 있어서 다시 봐도 새롭게 느껴지는 경우는 적지만, 글은 한 글자 한 글자 눈으로 좇아도, 나중에 다시 읽어보면 전혀 새로운 문장을 읽는 듯한 느낌이 들지 않은가. 위런 이유로, 해석의 다양한 스펙트럼으로 봤을때는, 소설쪽이 더 재미있다. 그래도 역시, 5cm/s는 소설과 애니 양 쪽을  순서가 상관없어도 좋으니, 둘다 감상해보기를 권한다. <초속 5센티미터>의 소설로 표현 할 수 없는, 영상만의 특혜는, 구름과 바람과 햇빛의 정교하고 섬세한 시각화라고 생각하므로, 또 우리가 잘 모를 일본의 일상 풍경을 생생하게 보여주는건 역시 애니 영상의 공로다.  
 
 소설과 애니의 스토리 상의 '의도한 다른 장면'은 마지막 장면이다. 애니에서는 어른이 된 타카기가 철도 건널목을 지나가다 우연히 지나가는 여인을 돌아보고 그 여인 또한 뒤 돌아 보는데, 그 순간에 기차가 두 대나 지나간다. 그 시간 뒤에 건너편에 여인이 계속 서 있나 싶었는데, 제 갈 길 가고 없더라. 허나, 소설에서는 두 남녀의 눈이 일순간 마주쳐 버린다. '마음과 기억이 격렬하게 술렁 댄 순간'에 기차가 지나가 버리지만, 두 사람은 그 자리에 계속 서 있을 것 같고, 말이라도 나눠볼 여지가 있는 듯 하게 묘사 되었다. (그런데 아카리는 이미 기혼 여성이 되 버린 듯 하다.) 소설과 애니가 두 사람의 함께 할 수 없는 지금의 현실을 잔인하게도 상호 보완한다. (그 철도 건널목 씬뒤에 두 사람의 감격적 재회가 있었더라면, 아침과 저녁의 불륜 드라마가 되어버렸을게다. 현실은 그런거니까. 그런건 아름답지 못하다. 그렇기 때문에, 그 장면을 기점으로 뭘 더 어찌 해 볼 수 없는 감정은 최고조에 오르고, 작품의 이야기는 끝난것 같다. 그 이후는 아름답지 못하다니까 그러네.)
 
 <초속 5센티미터>. 그 명칭을 처음 들었을때는, 물리학적인 냄새가 난다고 생각했다. 예고편이나 스틸컷은 한 장면도 보지 않았기 때문에, '뭐가 5cm/s든 설마 서정적인 속도겠어'하고 굳어진 첫인상은 독서 후, 반전했다. 벚꽃이 떨어지는 속도가 초속 5센티미터라고 한다. 처음에는 그게 뭐 어쨋다는거냐구 하며 읽었고, 의미를 잘 파악 못 했는데, '꺄아 로맨틱해'라고 말하는 한 여성 동지의 반응을 생각해 보면, 초속 5센티미터는 부드러움을 뜻하는 거라는 생각이 든다. 비가 내리는 속도가 초속 5미터라는데, 비에 맞는거에 비하면, 훨씬 부드러운 속도다. 게다가 꽃잎이 내게 초속 5센티미터로 부딪혔어 라고 하면 간지러운 느낌마저 든다. 이카리와 타카키는 소년 소녀 시절에 위러한 세상의 단편적인 지식을 주거니 받거니 했는데, 매년 벚꽃을 보면서 이 생각이 나면, 그리운 감각이 초속 5센티미터로 간질였을 것이다. 그러니까 초속 5센티미터는 부드럽고 그리운 감정의 속도다.
 
 아카리는 타카기와 떨어지기 전에, 내년 봄의 벚꽃도 너랑 함께 보고 싶어 라고 말하지만, 실제로 그 둘이 그 뒤로 같이 벚꽃을 본 날은, 15년 동안이나 오지 않았다. 둘이 첫 키스를 한 그날 밤은 눈이 오는 밤이었고, 그 뒤로 그 둘은 어쩔 수 없는 현실에 의해, 연락이 끊기게 된 것 같으니까. 그러니까 15년의 세월 뒤에 철도 건널목 씬에서 조우한(것 같은) 장면은 기적이라고도 할 수 있다. 그러니까, 함께 벚꽃을 본 시절과 다시 한번, 함께 벚꽃을 보는 시간 사이에는, 눈 뿐이었던거네. 이 생각을 하니, 다시금 그간 세월 만큼의 아픔이 전해져 온다.
 
 (이 책을 읽으면서, 도쿄는 참 쓸쓸한 도시인거 같다는 생각을 해 본다. 여자보다는 남자에게 더 그럴 것 같다. 타카기의 행적의 우울함은, 관심을 필요로 하지만 밀어내는 현대 남성의 모습같았다. 오죽 <도쿄 블루스>라는 여성 입장에서의 고독을 노래한 곡이 있지마는, 그 곡에 등장하는 남성의 입장을 생각해 보면, 쓸쓸한 도시 도쿄. (혼자 갈꺼면 거기로 여행은, 가지 말아버릴까))
 
 사실 이 책을 중간 중간 덮으면서 볼 수 밖에 없었다. 이런 작품은 개인의 심연 깊숙히 가라앉힌 기억을 흔들어서, 수면위로 부상하게 만드는 요소가 다분하기에, 가라앉히고 읽고, 진정 시키고 읽고 했다. 언제부터인가, 이런 옛 기억을 간질이는 작품은 피하게 되더라. 무의식적으로든 육감으로든 알아차릴 수 있달까. 10년 가까운 세월이 감정의 기복을 부드럽게 다독여 주긴 했어도, 지금도 그 기억은 여전히 가슴을 아프게 한다. 왜 여자들은, 결혼 해 버리는 걸까.
 
 중간 중간 자연스러운 흐름을 깨는 매끈하지 못한 단어 연결이나, 오타로 인해 몰입이 방해 되었다. 퍼뜩 퍼뜩 현실 감각을 되찾는데 도움이 되라는 역자의 배려이리라.
 
 두근 거리기도 하고, 아프기도 한 감정을 다시금 느끼고 싶을 때는 이 책을 다시 읽어 보려고 한다. 그 때는 눈이 내리는 겨울이나, 벚꽃이 날리는 봄에 평균 시속 150키로미터의 열차안에서,  초속 5센티미터를 손에 들고 있는 나의 모습을 상상해 본다.",18446744073709551615
128,가슴 아픈 첫사랑,4,4,원빈닮았다,2015-09-29,"초속 5센티미터 애니를 보고 여운이 많이 남아서 소설책도 구매해서 읽어보게 되었다.
전체적인 내용은 애니와 같이 단편 3편으로 구성되어있다. 하지만 소설답게 애니에서 볼수 없는 추가적인 내용도 있었고, 애니에서 보여주지 않았던 편지의 내용도 나와 있으니, 애니를 보면서 궁금했던 점들이 풀리는 요소들이 있다.
그리고 소설의 장점이라하면 애니보다 소설이 주인공들의 심리를 좀더 자세히 묘사하고 있다는 것이다.
애니에서 아쉬웠던 부분을 채워주는 샘이다. 
애니메이션에서 보여지지 않은 주인공의 심리를 알수 있으니 좀더 내용을 이해하기 쉬울것이다.
마지막으로 결말이 아쉽긴 하지마 그래도 여운이 많이 남는다.
 
< 애니를 봤다면 소설도 꼭 읽어보길 추천한다. >",18446744073709551615
129,아련한 추억이 흐르는 속도. 초속 5센티미터,5,5,scrupulous,2012-01-28,"나와 아카리는 그 무렵 여러 가지 일을 알고 있었다. 계절마다 별자리의 위치도 알고 있었고 목성이 어느 방향에서 어느 밝기로 보이는지도 기억하고 있었다. 하늘이 파랗게 보이는 이유도, 지구에 계절이 있는 이유도, 네안데르탈인이 자취를 감춘 시기도, 캄브리아기에 사라진 종의 이름도 알고 있었다. 우리는 우리보다 훨씬 크고 멀리 있는 모든 것에 강한 동정을 품고 있었다. 지금은 그런 일들의 대부분을 잊어버렸지만. 지금에 와서는 그저 예전에 알고 있었다라는 사실을 기억할 뿐이지만. p. 12
  
소싯적, 따지고 보면 그리 오래 되지도 않은 먼 옛날, 이루어질 수 없다는 것을 알면서도 설레임을 안고 짝사랑을 해 본 적도 있고 돌이켜보면 자잘한 실수와 순간의 선택들이 관계를 결정지어 버렸다는 아쉬움도 들 때가 있다. 무서운 것은 망각이다. 결코 끝나지 않을 것만 같았던 소년기와 사춘기를 지나면서 사람은 성장하기 마련이고, 인생의 리듬은 벚꽃이 떨어지는 스피드인 초속 5센티미터에서 때로는 비가 내리는 초속 5미터로, 때로는 트레일러를 운반하는 시속 5킬로미터로 변화한다. 그러다 문득 본래 페이스를 잃어버렸다는 사실을 깨닫게 되면 자리에 멈춰 서서 방황한다. 다시 벚꽃이 초속 5센티미터로 춤추는 계절이 올 때까지 말이다.
  
본 소설은 저자 신카이 마코토가 제작한 동명의 애니메이션을 소설화한 작품이다. 원작은 사실적인 배경 작화와 서정적인 분위기가 돋보이는 작품인데, 본래 문학전공인 신카이가 소설판으로 출간한 것이다. 일본 작품 중에는 글에서 스크린으로 혹은 그 반대로 매체를 옮겨가면서 원작의 이미지를 깎아먹는 예를 많이 봐 왔기에 반신반의하며 구매한 책인데, 소설 『초속 5센티미터』는 원작의 서정적이고 은은한 분위기를 그대로 옮겨왔다는 생각이 든다. 하기야 원작 감독이 직접 집필한 책이니 당연한 것인지도 모르겠다.
  
원작 애니메이션을 보며 깊은 감명을 받았기 때문에 책을 읽는 내내 마음속으로 원작과 비교해가면서 읽었는데, 원작에서 독백으로 소화한 장면들이 소설에서는 거의 빠짐없이 내레이션으로 이식되었다 (사실 원작에서는 대사보다 독백이 더 많을 정도로 적극적으로 활용된다). 또한 배경이나 사운드 이펙트 등도 빠짐없이 글로 설명되기에 원작에서는 쉽게 지나치는 장면들이 조금 더 자세하게 나온다는 느낌이 든다. 원작의 장면을 빠뜨린 부분도 있지만 그보다는 추가적으로 자세한 설명을 더한 부분이 상대적으로 더 많다. 가령 본 글의 첫 부분에 인용한 구절도 원작에서는 은은하게 암시가 될 뿐 직접적인 언급은 없다. 소설은 원작과 같이 세 파트로 나뉘어져 있는데, 원작에서는 은유적인 장면 전환과 엔딩 크레딧으로 대부분을 설명하는 세 번째 파트가 책에서는 훨씬 자세하게 설명된다. 
  
대체로 원작을 본 사람이라면 원작에서의 장면들이 이러이러한 설정을 염두로 두고 만들었구나 하며 고개를 끄덕일만하고, 원작을 보지 않은 사람이라도 ‘책’이라는 매체에 알맞게 충분한 설명으로 개연성을 부여한 것 같다. 같은 이야기이지만 원작과는 또 다른 매력이 있다. 저자의 후기에 의하면 상호보완적이라고 한다. 물론 어느 쪽이든 아련한 감성을 자극하는 건 같다.",18446744073709551615
130,신카이 마코토 초속 5cm리뷰,5,5,jwasj517,2010-05-12,"아.. 



다 읽고 난 처음의 생각이었다. 

읽기 전에 아직 보지 않았다면 이것을 볼 것을 다시 생각해 보길 바란다. 




난 극장 판이라는 이름의 애니를 정말 좋아한다. 보통 원작이 없는 경우가 많기 때문에 길게 끌지도 그렇다고 생략하는 느낌도 전혀 없이 그 작품 자체에 집중할 수 있게 해주기 때문이다. 초속 5cm과 별의 목소리, 그리고 구름의 저편 약속의 장소.. 

모두 신카이 마코토의 작품으로 조금 가슴 아픈 사랑 내용인 경우가 많다. 

그 중에 초속 5cm은 애니는 직접 DVD를 사기 전까지는 볼 생각이 없는 작품이었는데, 우연히 책을 얻어 볼 기회가 생겨서 지금 이렇게 리뷰를 써보고 있다. 

전에 다른 사람이 쓴 리뷰를 흘겨 읽은 적이 있었으나 내용을 모르고 마지막 내용만 말해서 잘 이해가 안간 상태였지만, 다 읽고 나니 어떤 느낌인지 잘 알겠다. 

이 작품은 3가지 파트로 나뉘어져 있고, 각각 다른 시점으로 표현되어, 1장에서는 토노 타카키의 어린 시절의 시점으로 좋아하는 시노하라 아카리와의 추억 그리고 전학으로 인한 헤어짐 그리고 서로가 좋아함을 느끼고 첫 키스를 나누는 장면이 나온다. 하지만 그 후 타카키는 규슈 본섬과 떨어진 타네가시마섬으로 가게 된다. 

그리고 2장에서는 토노를 좋아하는 스미다의 시점으로 전학 온 시점부터 좋아하던 토노와 고3의 시절을 단편적으로 그려내는 장면이다. 토노에게 자신의 마음을 재대로 전하지 못하고 토노가 메일을 하는 걸 보고 자신과 하면 얼마나 좋을까? 같은 생각을 하며 멀지도 가깝지도 않은 사이를 유지하면서 결국 토노가 도쿄로 가게 되어 헤어지게 되고 마지막에 작은 고백으로 마음을 정리한다. 

마지막 3장에서는 10년 정도가 지나 토노 타카키의 대학시절의 이야기와 사회에 나가 직업을 갖고, 3명의 여자와의 사귐과 헤어짐을 반복하고 옛날 기억을 회상하면서 아카리와의 기억을 기억하게 되고, 우연히 철도에서 만나지만 서로 슬금 보기만 할 뿐 말을 걸지도 아는 척을 하지도 않을 채 앞으로 나아가게 된다. 

결말 부분 떨어지는 벚꽃 아래에서 다시 만난 두 사람의 심경은 앞으로 나아간다. 라는 단 한 생각 뿐 이었을까? 그들은 15년 이란 긴 세월동안 서로에 대해 잊어버리고 살아간다. 읽으면서 세월이라는 것은 추억과 기억을 지워버리는 무서운 존재라는 걸 확실하게 인식시켰다. 나도 옛날의 기억은 거의 기억하는 게 없지만 읽어가면서 너무 슬픈 나머지 눈물이 나올 걸 참으면서 읽었다.(낼 수 없었던 건 가족이 바로 옆에서 있었기 때문에) 
1부 마지막에 헤어지면서 

“ 타카키는 앞으로도 괜찮을 거라고 생각해 분명히!” 

라는 대사가 있다. 나는 왜 그 대사부분에서 가슴이 찡해지는 느낌을 받았는지 읽는 동안에는 잘 몰랐다. 하지만 읽어나갈수록 그 의도를 알았달 까. 그 의미를 앎으로써 더욱더 슬픈 느낌이 들었다. 둘은 그 이후로 더 이상 만나는 일이 없어졌고, 그건 헤어짐의 의미로 쓰였다고 생각한다(만든 사람이 아니니까 확실하게 단정할 순 없지만). 

신카이 마코토 작품은 애절한 내용이 많다. 앞에서도 이야기했지만 그 구성력과 진행력이 정말 대단하다고 생각한다. 

이 책은 애니를 좋아하는 사람이라면 반드시 읽어야 된다. 라고 

난 책만으로도 만족해서 애니는 볼 생각이 없다. 모두 한번 읽어 봐라. 만족이라는 걸 느끼게 될 것이다. 

完",18446744073709551615
131,초속 5센티미터. 미래에서 과거로 과거에서 현재로 부딪혀 오는 감정의 속도,5,5,SP,2010-06-15,"몇 년 전, <초속 5센티미터> 라는 제목의 일본 애니메이션이 극장가에서 개봉했던 기억이 난다. 당시에 즐겨보던 영화 잡지 같은데서 이 애니메이션(이하 5cm/s)의 감독 신카이 마코토에 대해 다룬 기사가 많았던거 같은데, 그만큼 나름 반향이 컸던 작품이었던것 같다. 심지어 대학 1학년때 교양 과목으로 들었던 한 과목에서는, 같은 감독의 다른 작품 <구름의 저편, 약속의 장소>라는 애니메이션을 주제로 교수님의 열성적인 주재로 감상과 토론 수업(작품의 소재는, 평행우주.)을 했던 기억이 남아있을 정도니, 감독 이름 만큼은 머리 속에 남아있게 됐다. 그 작품 '구름'은 비행기를 타고 하늘을 나는 장면이 있었는데, 인상적이었다. 비행기를 타고 날으며 보게되는, 석양의 빛을 그렇게나  사실적으로 묘사한 애니 영상은 그 이후로도 보지 못했을 정도로, 빛의 묘사가 일품이었다고 기억되는 작품이었다. 헌데, 이 감독의 대표작은 <초속 5센티미터>인 모양인데, 강의 과제와 토론으로 '구름'을 접한 뒤에는, 기억의 저편으로 날려버려서, 5cm/s에 대한 감상의 여유는 오늘날까지 미루고 있었다. 그랬는데, 나의 문화 후원자이신 '이케부쿠로 저녁 10시 방황녀♡'께서 필히 권하여 주신고로, 4,5년의 세월 뒤에 다시 조우하게 되었다. 허나, 이번에는 애니가 아닌, 소설의 형식이다.
 
 줄거리는 단순하다. 초등학교 때 부터 어울려 다니던 소년과 소녀가 중학생이 되면서 서로 떨어지게 되고, 그 좋아하는 마음은 순애보적으로 고등학생을 거쳐 어른이 되고, 서른이 되는 15년 후에도 간직되지만, 그 둘의 관계는 행복하게 유지 되지 못하고, 아픔을 동반한 떠올림(기억, 추억)으로 자극한다는 내용이다. 이런 '이루지 못한 (첫)사랑'을 다룬 얼개는 십대를 거쳐, 이십 대 후반, 서른이 된 성인 남여의 공통된 인생 경험이 아닐까. 소설 5cm/s에서는 소년과 소녀의 이야기를 1화에서, 그들이 떨어지게 되고 난 후 소년의 모습을 2화에서, 어른이 되고 '그 애'를 '그 또는 그녀'로 회상하며 그리워하는 모습을 3화에서 보여준다. 백미는 1화에서, 아주 멀리 떨어지기 전에, 아카리(여 주인공)를 만나러 가는 타카기(남 주인공)의 하룻밤(어머나.?!)을 다룬 장면이다. 눈이 내리는 바람에 만나기로 한 시간보다 4시간이나 훌쩍 지난 뒤에야 약속 장소에 도착한 소년은. 늦은 밤 11시까지 기다려준 소녀를 발견한다. 소녀는 소년을 위한 도시락을 싸 왔고, 소년을 보자마자 울음을 터트린다. 석유 난로의 열기와 기다림 받은 시간이 섞인 따뜻하고 맛난 도시락. 소녀는 소년에게 편지로 얘기했던 벚나무아래에서 인생의 첫 키스를 하게 된다. 그리고 그 옆의 오두막에서 밤새도록... 그간 못 다한 이야기를 나누었다. 그리고 그게 둘의 마지막 순간이며, 15년 뒤까지도 가장 특별했던 일이 된다. 어른이 된 아카리와 타카기의 현재 모습은 그 둘이 주고 받을 수 있었던 편지의 다짐대로 현실화 된 면도 있고, 어긋나 버린 면도 있더라.
 
 권말의 작가 후기에 보면, 2007년에 애니가 개봉하고 나서, 틈틈히 자기 영화를 소설화 해서 써 두었던것을 책으로 내었다고 한다. 그렇다는 말은, 영상에서 다 하지 못한 말을, 글로써 전하고자 했다는 말이라고 판단한 나는, 책을 다 읽고 영상을 보았다. 상호 보완적일 것이라는 작가(감독)의 말 처럼, 확실히 소설과 애니의 상호 보완이 어떤식으로 작용하는지 구경하는 경험이 되었다. 세상에 나오기는 애니가 먼저 나오고, 그 다음에 소설이 나온 격인데, 두 형식의 5cm/s를 다 본 지금의 나의 감상은, 애니가 소설을 보조한다라는 느낌이랄까. 감독이 영상을 만들면서, 표현의 한계를 느껴 아쉬워 했구나 하는걸 느낄 수 있었다. 그래서 소설은 묘사의 부연이 많은 편이다. 그러니까 나는 소설이 애니보다 더 좋다고 생각한다. 더 섬세하고 상냥해서 좋달까.영상만으로는 그냥 아무 의미없이 지나치는 장면들이, 소설에서는 의미를 갖고 있게 되더라. 또 소설이 애니보다 재독할때 눈과 뇌가 재미있다. 왜, 영상은 눈으로 한 장면도 놓치지 않고 좇을 수 있어서 다시 봐도 새롭게 느껴지는 경우는 적지만, 글은 한 글자 한 글자 눈으로 좇아도, 나중에 다시 읽어보면 전혀 새로운 문장을 읽는 듯한 느낌이 들지 않은가. 위런 이유로, 해석의 다양한 스펙트럼으로 봤을때는, 소설쪽이 더 재미있다. 그래도 역시, 5cm/s는 소설과 애니 양 쪽을  순서가 상관없어도 좋으니, 둘다 감상해보기를 권한다. <초속 5센티미터>의 소설로 표현 할 수 없는, 영상만의 특혜는, 구름과 바람과 햇빛의 정교하고 섬세한 시각화라고 생각하므로, 또 우리가 잘 모를 일본의 일상 풍경을 생생하게 보여주는건 역시 애니 영상의 공로다.  
 
 소설과 애니의 스토리 상의 '의도한 다른 장면'은 마지막 장면이다. 애니에서는 어른이 된 타카기가 철도 건널목을 지나가다 우연히 지나가는 여인을 돌아보고 그 여인 또한 뒤 돌아 보는데, 그 순간에 기차가 두 대나 지나간다. 그 시간 뒤에 건너편에 여인이 계속 서 있나 싶었는데, 제 갈 길 가고 없더라. 허나, 소설에서는 두 남녀의 눈이 일순간 마주쳐 버린다. '마음과 기억이 격렬하게 술렁 댄 순간'에 기차가 지나가 버리지만, 두 사람은 그 자리에 계속 서 있을 것 같고, 말이라도 나눠볼 여지가 있는 듯 하게 묘사 되었다. (그런데 아카리는 이미 기혼 여성이 되 버린 듯 하다.) 소설과 애니가 두 사람의 함께 할 수 없는 지금의 현실을 잔인하게도 상호 보완한다. (그 철도 건널목 씬뒤에 두 사람의 감격적 재회가 있었더라면, 아침과 저녁의 불륜 드라마가 되어버렸을게다. 현실은 그런거니까. 그런건 아름답지 못하다. 그렇기 때문에, 그 장면을 기점으로 뭘 더 어찌 해 볼 수 없는 감정은 최고조에 오르고, 작품의 이야기는 끝난것 같다. 그 이후는 아름답지 못하다니까 그러네.)
 
 <초속 5센티미터>. 그 명칭을 처음 들었을때는, 물리학적인 냄새가 난다고 생각했다. 예고편이나 스틸컷은 한 장면도 보지 않았기 때문에, '뭐가 5cm/s든 설마 서정적인 속도겠어'하고 굳어진 첫인상은 독서 후, 반전했다. 벚꽃이 떨어지는 속도가 초속 5센티미터라고 한다. 처음에는 그게 뭐 어쨋다는거냐구 하며 읽었고, 의미를 잘 파악 못 했는데, '꺄아 로맨틱해'라고 말하는 한 여성 동지의 반응을 생각해 보면, 초속 5센티미터는 부드러움을 뜻하는 거라는 생각이 든다. 비가 내리는 속도가 초속 5미터라는데, 비에 맞는거에 비하면, 훨씬 부드러운 속도다. 게다가 꽃잎이 내게 초속 5센티미터로 부딪혔어 라고 하면 간지러운 느낌마저 든다. 이카리와 타카키는 소년 소녀 시절에 위러한 세상의 단편적인 지식을 주거니 받거니 했는데, 매년 벚꽃을 보면서 이 생각이 나면, 그리운 감각이 초속 5센티미터로 간질였을 것이다. 그러니까 초속 5센티미터는 부드럽고 그리운 감정의 속도다.
 
 아카리는 타카기와 떨어지기 전에, 내년 봄의 벚꽃도 너랑 함께 보고 싶어 라고 말하지만, 실제로 그 둘이 그 뒤로 같이 벚꽃을 본 날은, 15년 동안이나 오지 않았다. 둘이 첫 키스를 한 그날 밤은 눈이 오는 밤이었고, 그 뒤로 그 둘은 어쩔 수 없는 현실에 의해, 연락이 끊기게 된 것 같으니까. 그러니까 15년의 세월 뒤에 철도 건널목 씬에서 조우한(것 같은) 장면은 기적이라고도 할 수 있다. 그러니까, 함께 벚꽃을 본 시절과 다시 한번, 함께 벚꽃을 보는 시간 사이에는, 눈 뿐이었던거네. 이 생각을 하니, 다시금 그간 세월 만큼의 아픔이 전해져 온다.
 
 (이 책을 읽으면서, 도쿄는 참 쓸쓸한 도시인거 같다는 생각을 해 본다. 여자보다는 남자에게 더 그럴 것 같다. 타카기의 행적의 우울함은, 관심을 필요로 하지만 밀어내는 현대 남성의 모습같았다. 오죽 <도쿄 블루스>라는 여성 입장에서의 고독을 노래한 곡이 있지마는, 그 곡에 등장하는 남성의 입장을 생각해 보면, 쓸쓸한 도시 도쿄. (혼자 갈꺼면 거기로 여행은, 가지 말아버릴까))
 
 사실 이 책을 중간 중간 덮으면서 볼 수 밖에 없었다. 이런 작품은 개인의 심연 깊숙히 가라앉힌 기억을 흔들어서, 수면위로 부상하게 만드는 요소가 다분하기에, 가라앉히고 읽고, 진정 시키고 읽고 했다. 언제부터인가, 이런 옛 기억을 간질이는 작품은 피하게 되더라. 무의식적으로든 육감으로든 알아차릴 수 있달까. 10년 가까운 세월이 감정의 기복을 부드럽게 다독여 주긴 했어도, 지금도 그 기억은 여전히 가슴을 아프게 한다. 왜 여자들은, 결혼 해 버리는 걸까.
 
 중간 중간 자연스러운 흐름을 깨는 매끈하지 못한 단어 연결이나, 오타로 인해 몰입이 방해 되었다. 퍼뜩 퍼뜩 현실 감각을 되찾는데 도움이 되라는 역자의 배려이리라.
 
 두근 거리기도 하고, 아프기도 한 감정을 다시금 느끼고 싶을 때는 이 책을 다시 읽어 보려고 한다. 그 때는 눈이 내리는 겨울이나, 벚꽃이 날리는 봄에 평균 시속 150키로미터의 열차안에서,  초속 5센티미터를 손에 들고 있는 나의 모습을 상상해 본다.",18446744073709551615
